id,APP_NAME,USER,DATE,STAR,LIKE,TITLE,COMMENT,OS
,카카오 T,이것좀보십시다,2022-03-17T07:58:23-07:00,1,0,기사님들 왕따장인,1시간째 택시안잡히는중 개 그지같네,ios
,카카오 T,레이엉,2022-03-17T07:22:35-07:00,1,0,영업제한시간 끝나면 근처만가려는 택시들 밖에없네,진짜 왠만하면 리뷰 좋게쓰는데 택시들이 타는거 보면서도 먼거리에서 타는거아니까 바로 근처 택시콜 잡은다음 타는거 못봤다고 내려달라고 하네욬ㅋㅋㅋ  좀 심하네여 택시기사들,ios
,카카오 T,택시..,2022-03-17T04:29:08-07:00,1,0,택시안잡히는것,아파서 집까지 택시타고 갈려는데 택시가 30번이상 안잡히네요,ios
,카카오 T,아키하바라에,2022-03-17T03:07:16-07:00,1,0,니네 돈벌기 싫지? 집에서 쉬어,가려받을거면 집에 있어야지 일 힘들지? 쉬어라  대체자 많으니,ios
,카카오 T,랜덤닉이름,2022-03-17T01:15:48-07:00,1,0,잘못된 시스템,퀵을 맡기는데 40분 예상시간 줬는데 2시간으로 대기시간 연장하면 거래회사에서 제시간에 못 받지 않을까요?,ios
,카카오 T,"김치,",2022-03-16T16:42:50-07:00,2,0,택시가 너무 늦게 잡힘,내가 가는 거리는 12분인데 블루 기다리는데만 9분 걸리고 또 일반 택시는 안 잡힘. 미리 배치 콜? 그거때메 늦었는데 내가 타고 있을때 기사님도 자동으로 배치 콜 받으셔서 한숨 셨는데 이렇게 오래 기다리게 할거면 첨부터 잡아주지를 말던가…. 버스보다 8배가 비싼데 이건 쫌 아닌듯…,ios
,카카오 T,USHyun,2022-03-16T16:39:03-07:00,1,0,최악...,"아니 경로가 도데체 왜 이렇게 되는건지.... 자기들 맘대로 막힌다고 돌려돌려 경로를 안내하면 어쩌잔건지... 막힌다고 계속 돌리네... 애초에 경로 설정이 맘대로 안되는것도 최악인데 경로 설정해놔도 중간에 맘대로 경로 바꾸는 것도 짜증나고, 10분이면 갈 거리를 막힌다고 맘대로 돌리고 돌려서 20분 걸리게 하는 매직 아침 출근길에 탔다가 대중교통 타는것보다 오래걸리고 돈은 돈대로 나오고 정말 대단하네요... 제발 경로 좀 어떻게 하세요....최악이니까",ios
,카카오 T,gr1225,2022-03-15T22:39:55-07:00,1,0,별1개 주기도 아까운 ..,"차안에 담배냄새가 가득한 차내환경과(담배피우시는분),스쿨존에서 스피드 신경안쓰고 달리시는분,내비보다 더 돌아가서 요금 오버하는분,다른운전자에게 빨리가라면서 짜증내는분,도착지까지 끝까지 안가고 내리라는 분..타면서 정말 불쾌하네요 지금같은 시국에 환기는 필수인데 딱 한분 뵙고 나머지 기사님들은 신경1도 안쓰네요..전반적인 시스템개선이꼭 필요하다봅니다..이제부터는 그냥 일반 택시 이용 예정입니다",ios
,카카오 T,뭵뭸뭵,2022-03-15T21:16:01-07:00,2,0,서로에게 너무 불편하네요,블루택시는 기사님들께 자동으로 잡히는건가요? 시간이 없어 블루택시를 이용하는데 기사님이 5~6분동안 출발을 안하시네요 이럴거면 일반택시 잡는게 더 빠를 뻔했어요 배차받고 1분이 지나서 취소도 못하고 왜 기다리는 제가 손해를 봐야하는지 모르겠습니다 기사님께 이야기를 들어보니 잠시 자리를 비우신 사이 자동으로 받아졌다하네요 제발 기사님이 바로 출발하여 빠르게 오실 수 있는 상황인지 파악하고 블루택시 이용가능하게 해주세요 소비자가 돈 더 비싸게 써서 블루택시를 이용하는 이유가 있지 않을까요?,ios
,카카오 T,개빡치네진짜 ㅠ,2022-03-15T17:04:14-07:00,2,0,극혐,택시기사 ㅈㄴ안잡힘 진짜,ios
,카카오 T,화딱지낭,2022-03-15T13:54:25-07:00,1,0,결제 반올림,"카카오 T VIP등급입니다. 기사님들이 10원 단위는 그렇다쳐도 몇 번 300-500원 정도 반올림해서 결제하는데 금액적인 부분은 화가 안 나는데 농락당하는 것 같아 기분이 굉장히 불쾌합니다. 기사님 연락처로 300원 가지고 화내기 뭐하고, 불만을 토로할 곳도 마땅치가 않아 여기다가 합니다. 이러한 부분만 개선해주세요",ios
,카카오 T,;!3₩,2022-03-15T07:56:45-07:00,1,0,ㅂㅅ같은앱,골라타는 ㅅㅂ새끼들 ㅂㅅ같은앱 왜 만듬 ?,ios
,카카오 T,면세쨩,2022-03-15T04:44:06-07:00,1,0,관리 좀 하세요,담배냄새 나는 택시 탈수 있는 전문 앱인가요?,ios
,카카오 T,뚜비두밥오뚜기밥,2022-03-14T01:20:19-07:00,1,0,주차 인식오류로 잘못 날아오는 알림톡,등록된 차량이 알지도 못하는 주차장에 입차 했다는 알림톡 확인 후 너무 당황 했음 차가 도난당한건 아닌지 주차장에서 내차가 멀쩡히 있는걸 확인하고 나서야 안도함 고객센터 통화 후 결론은 같은 오류가 발생할수도 있으니 그때마다 니가 니차 어딧는지 잘 관리하세요 였다. 말이라고 하는지 서비스 설계를 잘못한거 아니냐고 따져 물으니 개선에 반영하겠다고만 말하고 끊음 ㅋㅋㅋㅋ 고객 대응도 서비스 설계도 엉망인 최악의 앱. 별점 1점도 아까움.,ios
,카카오 T,애더조뉴ㅑ야닺,2022-03-14T00:57:39-07:00,5,0,호출취소에 기사신고 버튼 생성하시고 이 사유일때 호출 제한 푸세요,"3분거리 기사 매칭됐는데 5분거리 내에서 30분째 뺑뺑이 치시면서 안오네요  단거리라 그런지 모르겠는데 호출 취소 해주길 기다리면서 뺑이치게 만드는거 역겹네요  이딴기사 신고할 수 있게 호출취소에 기사신고 버튼 만드시고, 기사 잘못인데 제가 왜 제한으로 피해받아야 하는지 모르겠네요",ios
,카카오 T,데시나1205,2022-03-13T15:38:18-07:00,1,0,블루로 배차 장난이나 치고,취소 하니까 이용을 막아버려 더러워서 삭제한다 다른건 뭐 쓸거 없는줄알아? 갑질하지마,ios
,카카오 T,자빠진다아주?,2022-03-13T07:04:29-07:00,1,0,ㅈㄹ,블루투스 연결해도 안된고 눈앞에 떡하니 빌릴 자전거 있어도 지도에 안나오고 지도에 표시된 바이크 찾아가도 또 오류뜨고 ㅈㄹㅈㄹ별ㅈㄹ 다떤다 너네는 부드럽게 연결하니?,ios
,카카오 T,Gordon RJ,2022-03-13T06:48:07-07:00,1,0,이용시 많이 불편합니다,"추천경로떠서 빠른길로 설정해 놓으면 저기 맘대로 바뀌고, 자동결제 안되고, 앱 느리고 진짜 별로여서 이제부턴 안써요 차라리 다른택시앱이 더 낫지",ios
,카카오 T,Yooon131,2022-03-13T03:49:15-07:00,1,0,앱퉝김,앱이 열리지않고 튕겨요ㅠㅠ저만 그런가요??ㅠㅠ,ios
,카카오 T,물팡팡,2022-03-13T01:45:06-07:00,2,0,잠금장치가 병신이에요,자전거가 있는곳까지 가서 풀려는데 잠금장치가 고장이네요 잠금장치 고장이나있다고 신고한 횟수가 적지않은데 이렇게까지 안되는건 진짜 문제 있는거 아닌가요 전동자전거라고 이용하는건데 정작 전동 그 기능도 아예 안돼서 쌩다리로 자전거밟을때도 있구요 그걸 제외하면 편하고 빠르게 이동하는데에는 좋습니다,ios
,카카오 T,닉을뭘로하지,2022-03-12T19:04:41-07:00,1,0,기사님들 전화 좀;;,기사님들 전화 안 하게해주세요. 말 못하는 사람들은 계속 취소당하네요;,ios
,카카오 T,^^~;,2022-03-12T18:50:30-07:00,1,0,12.5.5 긴급 패치 부탁합니다,업데이트 후 실행 불가합니다. 긴급 패치가 필요합니다.,ios
,카카오 T,어어오ㅠ,2022-03-12T18:44:25-07:00,1,0,오류,카카오택시가 전날만 해도 들어가졌는데 지금은 들어가지도 않고 튕깁니다 어플을 지웠다 깔았다 했는데도 안되요 오류 수정 부탁드릴께요,ios
,카카오 T,듬공,2022-03-12T17:14:26-07:00,2,0,업데이트하고나니 어플실행이 안되네요...,iso12.5.5 버젼인데...업데이트 이후 실행이 안되네요...잘 이용하는 택시어플인데;;;,ios
,카카오 T,멀로하지??,2022-03-12T06:58:43-07:00,1,0,ios12.5.5 앱죽음,업데이트 이후 ios12.5.5 실행화면에서 앱이 죽습니다.,ios
,카카오 T,퍽부,2022-03-12T06:07:37-07:00,5,0,기사들,기사새끼들왜케 가려받음 가까운데는 안쳐갈라하네 아주 ㅋㅋ̆̈,ios
,카카오 T,테태테,2022-03-12T04:50:06-07:00,5,0,카카오티가 안들어가져요,갑자기 오늘 아침에 택시를 탈려고 했는데 카카오티가 안되서 늦었어요  이제는 다시 깔았다가 들어가도 카카오티가 안들어가져요 폰때문인가여 애플인데 왜 이러는지 모르겠네요 저만 그런건가여 빨리 오쳐주세요 앱을 리셋하던지여,ios
,카카오 T,로로로로로루루루루,2022-03-12T02:46:51-07:00,1,0,벤티 예약했는데 다른데서 기다려놓고,다른 장소에서 기다려놓고 전화안받았다고  취소했는데 예약 취소된 비용이 택시비 그대로 100프로 뜯겼고 상담사 전화하면 상담사는 어쩔수없단말만 합니다 되게 별로에요 실망스러움 개선이 필요합니다,ios
,카카오 T,가다나라파타하,2022-03-12T01:14:26-07:00,1,0,기사들 멋대로 취소할거면 없애^^,수락해놓고 전화해서 취소해달라 하고 수락하지도 않는데 어떻게 이용하라는 거임?,ios
,카카오 T,안아우루앙,2022-03-11T23:45:58-07:00,1,0,제발 일만 벌리지 말고 앱관리좀해주세요,잘 쓰고잇다가 갑자기 네트워크 및 와이파이때문에 안된다는데 처음에는 제 핸드폰 문제인지 알고 봣더니 인터넷 잘되는상태엿고 핸드폰을 껏다켜도 안되고 앱을 지웟다 깔아도 안되고 대체 뭘 어떻게해야하는건가요,ios
,카카오 T,ㅋㅎㅎㄴㅎㅋㅋㅎㅋ,2022-03-11T23:09:29-07:00,4,0,호출 취소 후 기사님께 전화오는 것 좀 막아주세요,"카카오택시 정말 애용하고 있습니다. 그렇지만 가끔씩 호출취소를 하면 제가 출발지로 정했던 곳을 찾아와서 호출 취소한 사람이 누구냐며 화냈던 적도 있었고, 가끔씩 호출을 취소했단 이유로 전화가 5통 정도로 전화를 거시던 기사님이 계십니다. 호출 취소가 됐음에도 불구하고 제 전화번호로 어떻게 전화를 걸었는지 모르겠네요. 고쳐주시길 바랄게요.",ios
,카카오 T,dhisksndhs,2022-03-11T20:09:45-07:00,1,0,별루,.,ios
,카카오 T,유앤제이,2022-03-11T18:25:38-07:00,5,0,업데이트하고나서아예뜨지않아요,해결방법없을까요? 삭제했다가다시다운받아도마찬가지네요,ios
,카카오 T,가림엄마,2022-03-11T18:24:52-07:00,5,0,어제부터 앱이 실행이 안되요ㅠㅠㅠㅠ!!!,어플들 자동 업데이트하게되어있는데 어제부터인가?갑자기 앱실행이 아예안되네요😭😭ㅠㅠㅠㅠ 삭제했다 다시 깔아도 소용이 없고..카카오 T택시 정말 잘 쓰고있었는데 갑자기 실행이 안되니 어떻게해야될지..😭😭도와주세요...!!,ios
,카카오 T,island0228,2022-03-11T16:28:54-07:00,1,0,앱이 실행이 안되네요,업데이트 하고 나서 앱이 실행이 안되네요,ios
,카카오 T,iwanna42,2022-03-11T07:50:13-07:00,1,0,택시 지도 안뜸,택시부르려고 어플을 열었는데 지도가 안보여서 쓸수가 없네요 어플 다시깔고 권한설정도 바꿔봐도 지도가 안뜹니다 위치와 주소는 인식하는것 같은데 해결방법 부탁드립니다,ios
,카카오 T,stk289,2022-03-10T20:29:18-07:00,2,0,iOS 12.5.5에서 열릴 수 있게 부탁드립니다,iOS 12.5.5에서 열릴 수 있게 부탁드립니다,ios
,카카오 T,지랄발광을한다,2022-03-10T18:07:50-07:00,1,0,어제 업데이트 후 잘되던 앱이 않열림,잘 이용중이었는데 어제 업데이트후 앱이 않열려요  이럴러면 업데이트는 왜하는거임 삭제후 다시 깔아도 않열림  거지같네요,ios
,카카오 T,나다ㅐㄷㅊㅊ,2022-03-10T17:17:56-07:00,1,0,업데이트 하라고 해서 하는데 왜 안돼요?,택시를 못타겟는데,ios
,카카오 T,jjaksp,2022-03-10T15:41:50-07:00,1,0,택시기사 씨1발들,택시기사님들 택시좀 부르면 처잡아요 장난치는것도 아니고 왜 안잡고 내 앞으로 쓩 지나가요?,ios
,카카오 T,안치치,2022-03-10T13:04:57-07:00,1,0,블랙 잘못 눌러서 십만원 날아감,이만원거리를 십만원에 갔네요 술취해서 정신없이 누른 내잘못.. 블랙을 이용안할사람은 선택이 안되게끔  해주게 하는것도 좋을것같습니다,ios
,카카오 T,딩ㅎ,2022-03-10T01:09:17-07:00,1,0,이게 맞나요? 수수료 시스템 그냥 없애는게 어떠신지요,ㅋㅋㅋ 도둑놈도 아니고 기사님이 4분 후 도착인 곳에서 10분째 움직이질 않으셔서 그냥 다른 택시 타려고 취소했는데 수수료 2천원이 나갔네요. 기사분도 분명 힘들게 돈버시고 지속적인 취소로 힘든 분들도 많은건 알고 있습니다. 그럼 저는 돈을 무한정 생산할수 있는 소비자 인건가요? 승객이 편하게 택시를 잡기 위해 만들어진 어플이 왜 어째서 기사님들이 상대적으로 우위에 서서 승객에게 2천원을 갈취해가는거죠? 기사님의 일방적인 잘못으로 낭비된 제 시간은 누가 보장해주죠? 전화 한번 없이 일방적으로 10분이나 늦으시고는 이천원 받고 다른 손님 태우면 끝이다 이겁니까..? 택시를 타는 대부분의 사람들이 어떤 장소까지 빠른 시간 안에 편안히 가기 위함인데 누가봐도 멀리있는걸 기사님이 잡아버리고 한참 있다가 오시고.. 좀 보편 타당한 방향으로 앱을 발전 시켰으면 좋겠네요.,ios
,카카오 T,Heyyyyyyyy2,2022-03-09T21:48:58-07:00,1,0,카카오택시 카카오퀵,카카오퀵을 불렀더니 픽업이 지연되고 또 지연되어 1시간 30분위에 픽업이 되었어요… 퀵의  의미가 없어진 것 같습니다.. 카카오택시는 급하게 불렀더니 15분 거리에서 오시더라구요  불만사항들을 말씀드리려고 해도 몇 번이나 에이전트와 연결 할 수 없다고 떠 답답해서 리뷰 남깁니다,ios
,카카오 T,라라라라라라아라어ㅓ타컴,2022-03-09T16:55:29-07:00,1,0,지도 (네비) 업데이트좀,제발 네비좀 업데이트하면 안돼나요? 맨날 네비를 계단있는쪽으로 알려줘서 기사님들이 내려오지도 못하고 후진으로 길게낭하야하니까 다 오래걸리고 지도 업데이트를 하긴하나요? 매번 그런것같은데 그것때문에 왔다가 다시돌아서 오는데만 시간 오지게 걸려서 지각하는게 한두번이아니에요 택시타는 이유가 뭡니다까 당연히 안늦을려고 타는건데 이러면 의미가 없거든요 제발 지도 업데이트좀..,ios
,카카오 T,우꿀,2022-03-09T16:50:02-07:00,1,0,경로설정 기능은 대체 왜 있나요,카카오가 맨날 지맘대로 안내하는데 ;,ios
,카카오 T,와이번스걸,2022-03-09T13:25:41-07:00,1,0,택시가 안 잡힘,주변에 수 많은 빈 택시가 지나가지만 택시가 안 잡힘. 어쩌다 잡히면 10분 거리에있는 기사님이 오심. 이럴거면 콜을 왜 쓸까요?,ios
,카카오 T,해언이,2022-03-09T06:24:16-07:00,1,0,가까운거리 승차거부,"지나가는 카카오택시가 한 두대도 아닌데, 30분째 호출해도 안잡히네요 ; 가까운 거리는 돈이 안돼서 안잡는건가요? 시스템 좀 개선해주세요.",ios
,카카오 T,새어규쳐강,2022-03-09T01:57:43-07:00,1,0,대리비 이중결제 취소안해주나요?,현장에서 현금으로 줬는데 돈이 또 빠져나가서 결제 취소요청했더니 일주일넘게 말도 없는데 cs가 대단하십니다,ios
,카카오 T,하콩백,2022-03-08T21:54:01-07:00,1,0,진짜별로임,다른택시어플나오먄갈아탈꺼임 택시결제수단 체크카드등록되있었는데 갑자기 신용카드로 바뀐것도 짜증나네요,ios
,카카오 T,🕣🕢🕠🕝🕙🕣🕧,2022-03-08T12:35:33-07:00,3,0,자동결제 서비스 왜 함,왜 하냐고 대체 승인 되자마자 취소되는거,ios
,카카오 T,"몰라,,;",2022-03-08T12:20:56-07:00,1,0,평소에 진짜 좋아하고 애용하던 어플인데,이게 무슨 일입니까 매일 애용하고 항상 퇴근하고 이용하는데 불편사항을 계속 말씀하시다가 그에 대한 말씀을 계속 드렸는데 뭐라 하시다가 ( 결제는 일단 했음 ) 나는 여기가 유턴구간이 맞다( 아파트에서 유턴구간이라고 주차 절대 안된다고 시설물? 세워둠 ) ㅋㅋㅋ 그렇게 말하다가 싸움으로 번짐. 나는 기사님께 끝에서 좌회전해서 들어가면 언덕 밑에 유턴구간 있다고 함. 그렇게 도착해서 결제하는데 계속 뭐라 하셔서 내가 기사님 여기 유턴구간 맞다 죄송하다 이랬음 ㅋㅋ 그러다가 기사님이랑 트러블이 일어남. 어떻게 얘기를 나누다가 갑자기 차내에서 담배를 피우심 욱한 마름에 “기사님 담배를 왜 피우시냐. 이게 무슨 경우냐 그럼 나도 차내에서 담배 피우겠다” 이렇게 말함 그러니까 기사님이 내려서 피우시면서 맘대로 하시라고 하심 ㅋㅋㅋㅋㅋㅋㅋㅋㅋㅋㅋㅋ 관리 잘 하고 계세요? 전국으로 폭 넓혀서 장사하시느라 이런 부분은 모르시겠는데요. 저희야 괜히 카카오택시을 이용하겠습니까? 전 모르겠네요 어쩌란건지 19년도부터 매일 이용하다가 이런 일을 겪으니까 전 모르겠네요ㅋㅋㅋㅋㅋㅋ 진짜 화나요 경찰에 연락했는데 안된다 다른 곳에 연락하시라고 하셔서 네 여기에 남기네요 정말 실망 했습니다 너무 잘 쓰다가 이런 일이 생기니 옛날이랑 달라진게 없다고 생각했습니다. 관리 좀 잘 해주십쇼 2년동안 모든 기사님께 감사 인사 드리고 항상 이용하던 어플인데 이제 못 쓰겠어요 ㅋㅋㅋㅋㅋㅋㅋㅋㅋㅋㅋㅋ 진짜 모르겠습니다 전 이제 절대 안 쓸겁니다,ios
,카카오 T,무개념사나이,2022-03-08T06:43:36-07:00,1,0,행선지를 미리 보고 콜을 받는건가?,밤에 야근하고 강남에서 강북으로는 전혀 안잡힘. 골라태우는게 맞는거 같음 급할 때 전혀 도움안되는 듯,ios
,카카오 T,뒤져라 pes,2022-03-08T02:21:02-07:00,1,0,읽어,택시는 멀리 급한데 갈려고 타는건데 무슨 집 외진곳에 있다고 택시 한번도 처 잡아주지도 않을거면 왜 만듬? 좀 고쳐주세요 진짜 스트레스 받아 뒤지겠으니,ios
,카카오 T,쭈덴,2022-03-07T18:27:52-07:00,2,0,"네비 업데이트 좀,,","기사님들마다 네비가 다른가요? 좌회전 되는데 빙 둘러서 가라고 표시되어있는 기사님도 있고,, 업데이트 된 기사님도 있고.. 그리고 출발 위치를 찍으면 기사님들 네비에 제대로 좀 나오면 좋겠어요 매번 무슨 출발위치보다 내려가서 세우고 전 달려가서 힘들고,,;",ios
,카카오 T,읍면돌,2022-03-07T04:29:54-07:00,1,0,기사아저씨고집,기사님 고집으로 네비대로 안가고 아저씨 아는길로 가다가 신호란신호는 다 걸리고 네비상10분거리가 어떻게 15분 넘ㄱ게걸리는거죠 그냥 네비대로 가주시거나 말씀드린대로 가주셨음 좋겠네요,ios
,카카오 T,819375619,2022-03-06T18:16:57-07:00,1,0,호출 취소,한 달 내내 호출해도 항상 5분 안에 도착하는 기사님이 배정됐었는데 오늘은 호출을 해도해도 15분 이상 걸리는 택시만 잡혀서 취소했더니 24시간 이용불가라고 하네요 ㅋㅋ 개선 좀 해주세요,ios
,카카오 T,닉넴다해서할거없음,2022-03-06T15:26:04-07:00,4,0,확인해주세요,요금 미터기가 앱에서도 보였으면 좋겠습니다 택시타면 앞에 칸막이에 스티커들이 붙어져있어서 미터기도 잘 안보이고 얼마나 나왔는지 가는중에 확인을 몇번 하는편인데 안보이니 조금 답답해서요 그리고 빨리가야해서 고작 택시타고 15~20분거리임에도 택시를 불렀는데 일반도 안잡혀서 돈 더내서라고 빨리가려고 모범으로 불렀습니다 근처에 계신분이 잡아주셨다면 늦지않고 갈 시간이였지만 제가 았는 곳까지 10분은 달려서 오셔야할 분이 잡으셔서 늦었습니다 좀 가까우신분이 잡게해주세요 택시운전자분들 금액확인하면서 적으면 잘 안잡아주시더라구요 많이 경험해봐서 적습니다,ios
,카카오 T,조주누,2022-03-05T20:21:42-07:00,1,0,터치 자체가 안됨,카카오 택시 들어가자마자 터치도 안되고 먹통입니다 최악이네요 아이폰12를 쓰고있습니다,ios
,카카오 T,평택1,2022-03-05T06:58:42-07:00,1,0,너무하네요,"누구를 위한 어플인지 모르겠네요,, 가까운 거리든 되돌아 가실 때 택시를 잡는 사람이 없든 진짜 너무한거 아닙니까 가까운 거리는 한참을 기다려도 절대 잡지 않고 택시 기사님을 위한 어플인지 손님들을 위한 어플인지 모르겠네요 그냥 이럴거면 차라리 땡큐콜이 나은거 갔네요 진짜 이 어플 쓰면서 항상 생각 하던 댓글 오늘 작성 합니다 절대 잡히지를 않네요",ios
,카카오 T,imfukked,2022-03-05T05:36:33-07:00,1,0,기사 리뷰 물어볼 시간에 니네 앱 평가나 물어봐,경로도 졸라 등신같은게 기사가 최 적 경로로 갔냐고? 니네가 경로를 병신같이 알려주는데 그게 되냐?,ios
,카카오 T,acbl1234,2022-03-05T05:14:49-07:00,1,0,어플 ㅈ같이도 쳐 만들었네 카카오 ㅂㅅ들,내 위치 ㅈ같이 쳐 뜨게 만들어서 기사들 못 찾아오게 만드네 ㅉㅉ,ios
,카카오 T,여러분들에게~,2022-03-05T00:54:37-07:00,3,1,24시간 사용 제한;;,최근에 호출 취소 여러번했다고 24시간 사용제한 되는것좀 하지마세요 ㅋㅋㅋ 엿같아요진짜 급해죽겠는데 제한은 대체 왜 만든겁니까? 각자 사정이 있으니 호출 취소를 했겠죠,ios
,카카오 T,Hellowlaura,2022-03-03T22:15:04-07:00,1,0,카카오주차 자동결제 선택할 수 있게 해주세요,"카카오주차 자동결제 시스템을 잘 쓰고 있는 사람입니다. 근데 주차 할인권을 이용하려고 자동결제취소 하는 방법을 찾는데 안나오네요.   자동결제 시스템도 편리하고 좋지만  카카오주차가 갑자기 도입되는 공공기관 주차장에서 주차 할인권을 사용할 수 있는데도 불구하고 나갈때는 자동 결제가 되어 불가피하게 추가 금액이 지출됩니다.  이를 인지하고 취소를 하려고해도  자동결제 취소를 하는 방법을 찾을 수 없네요.  자동결제를 진행할지 여부를 결정할 수 있게 알림으로 알려주거나, 비밀번호를 사용해서 결제를 할 수 있도록 해주세요.",ios
,카카오 T,늦었다고요,2022-03-03T18:09:03-07:00,2,1,차선 고려해서 기사님 배차 좀,아니 바빠서 택시 잡으면 기사님이 점점 멀어지고 시간 점점 길어지고 반대 방향으로 가서 돌아 오시는데 7-8분 걸리고 카카오 내비가 이상한건지 짜증나네요.,ios
,카카오 T,bagemy,2022-03-03T16:37:36-07:00,1,0,결제카드 주카드 설정,주카드로 일반 신용카드  두번째카드 카카오페이카드 설정되있는데 왜 자꾸 두번째카드로 결제가 되는것이오. 빨리해결하시오,ios
,카카오 T,ㅍㅍ추ㅜ노ㅗ코토ㅗ,2022-03-02T17:31:30-07:00,1,0,예상시간랑 실제시간차이.,예상시간이 50분이라 택시에 탔는데 타자마자 예상시간이 +15분이나 차이난다고요? 이럴꺼면 지하철을 타고말지 한두번도아니고 장난치는것도아니구요  편한시스템으로 좋게 이용하다가 최근 3번다 이런식이라 다신이용안할랍니다,ios
,카카오 T,김도미도,2022-03-02T16:41:36-07:00,1,0,등급은 대체 왜 있는 거예요?,언제까지 베타버전일까요? 그리고 카카오바이크 고장이 너무 잦아요 ㅠ,ios
,카카오 T,용뱅이,2022-03-02T16:10:18-07:00,1,0,짜증,개발 한 애들이 문제가 아니라 책임자가… 아.. 진짜 좀 꺼져라,ios
,카카오 T,지뇽찡,2022-03-02T04:40:14-07:00,1,0,애플,아이폰 업데이트 되면 좀 블루투스 연결 안되는거 빨리 고쳐줘요무슨 맨날 연결이 불안정해,ios
,카카오 T,추적허용싫음,2022-03-01T03:52:14-07:00,1,0,쿠폰사용할때,쿠폰 등록 하니 당연하게 자동으로 사용되게 설정되던데 포인트처럼 내가 원할때 눌러서 사용할수있어야 하는거 아닌가요? 포인트는 사용하려고 생각하다가 누르는거 깜빡해서 사용못하는경우가 많았는데 쿠폰은 왜 멋대로 바로 사용되게 설정된거죠??? 업데이트 할때  쿠폰 등록후 바로 사용하게 설정된거 없애주시기바랍니다 6000원짜리 쿠폰이 3300원 기본요금 구간에 사용 되서 정말 어이가 없네요 포인트처럼 내가 원할때 찾아서 사용할수있게 바꿔주세요 진짜 기분 안좋네요,ios
,카카오 T,악개시러,2022-03-01T02:15:59-07:00,1,0,왜 택시가 안잡혔는데 결제가 되나요?,"바빠 죽겠는데 결제 먼저 되고 택시는 안잡혔고,,, 계좌에 돈 없어서 택시 바로 부르지도 못하잖아요",ios
,카카오 T,tjdduddo,2022-03-01T00:55:10-07:00,4,0,자동결제가 이상해요..,자동결제로 택시 불렀는데 4500원이 결제됐다가 다시 제 계좌로 돈이 그래로 들어왔어요,ios
,카카오 T,ㅇㄹㅅㅇㄹ넘,2022-02-28T19:23:19-07:00,1,0,진짜 ㅂㅅ 같음,네비좀 업그레이드해라,ios
,카카오 T,김.S.H,2022-02-28T15:35:07-07:00,1,0,화면 아무것도 안눌려서 바쁜데 택시를 못탐;,에혀 안쓰고만다~,ios
,카카오 T,한심한 택시,2022-02-27T05:41:49-07:00,1,0,택시 별신,택시 좀 잡혀라,ios
,카카오 T,Dbnjtas,2022-02-26T19:34:58-07:00,1,0,어플 먹통,어플 왜이렇게 자주 먹통됨 급해서 택시 타려는데 짜증남지 진짜,ios
,카카오 T,리뷰🧐,2022-02-26T17:31:17-07:00,4,0,자주 사용하는 어플이지만,말 그대로 자주 사용하는 어플인데 최근들어 2분뒤 택시가 도착예정입니다라고해서 지나가는 택시 안잡고 기다리는데 5분이 넘고록 안오더라구요 이런일이 한두범이 아니라 점점 짜증나는데 택시기사님 잘못이라하기엔 거리측정음 카카오에서 하는것같아 여기에 남깁니다,ios
,카카오 T,노예55,2022-02-26T16:38:07-07:00,1,0,기사관리하고 앱좀 업데이트하자 카카오야,맨날 네트워크 에러뜸 ㅡㅡ 기사가 그리고 딴손님 태우고 가서 내콜에 운행중 뜨는 경우도있음 기사님들 빨리빨리 승객 회전율 높이고싶은건 아는데 탑승자 목적지확인은 하고태우는 기본은 했으면 어이없음  네이버도 택시앱 만들었음 좋겠음 솔까 카페 아니면 카카오택시 1도 맘에드는 구석없음 네비도 맨날 오류나는게,ios
,카카오 T,voicecheck,2022-02-26T15:28:55-07:00,1,0,700원 더 내고 아이엠으로 갈아탈 예정,운전 불안해서 떨고  담배냄새때문에 추워도 창문을 닫을 수가 없고  일반택시의 문제와 한계가 모두 드러나는 카카오택시  플랫폼 사업하면서 서비스 향상에는 투자안하고  앱만 만들지 맙시다  앱만 만들면 다 되는줄 아나봐요,ios
,카카오 T,yoomayo0,2022-02-26T01:48:31-07:00,1,0,10분 15분이상 거리 택시기사,택시가 10-15분 기다리려고 이용하는 수단이예요? 아예 안잡히게 하던지 사용자가 정할 수 있게 해야죠 진짜 짜증나네요,ios
,카카오 T,완전재미지넨여,2022-02-25T21:30:04-07:00,1,0,바이크,바이크는 간단한 오르막길도 못 올라가네요 다신 안탈듯,ios
,카카오 T,중달이 죽어라,2022-02-25T06:28:44-07:00,1,0,결제시스템,결제시스템 바꿔야하는거 아닙니까? 내리기전에 봤던 금액이 5880원이였는데 운행종료 누르니까 5900으로 바뀌고 기사가 빨리 내리라해서 내렸더니 결제는 6900원 나오는데 이건 좀 아닌듯한데 네이버에 검색하니까 이런경우 많은데 제제해야하는거 아닙니까? 내가 진짜 어이가없고 열받아서 기사 정보 다 올립니다 경기도 부천 돌아다니고 나이 많으시고 프리우스 끌고 다니시고 경기 37바 5709 권중달 입니다 이거 천원 때문에 열받아 죽겠네요 카카오 잘못은 아닌건 알겠는데 이런 기사 때문에 카카오 주가가 떨어지는겁니다,ios
,카카오 T,김우놀,2022-02-25T02:18:36-07:00,1,0,택시가 안 잡혀요,10번이상 목적지 도착지 바꿔가면서 했는데도 택시가 안 잡혀요 제가 사는 데가 시골도 아닌데요,ios
,카카오 T,조니존니,2022-02-25T02:10:58-07:00,1,0,가까우면 절대 안잡혀,독점 이 ㄷ개같은거 정권 바뀌면 무조건 청원 넣는다 심지어 그렇게 가까운 거리도 아니야 장난하나,ios
,카카오 T,왓더변비,2022-02-24T05:37:15-07:00,1,0,개같은어플,점점더 심해지는 택시기사들의 갑질 돈안되면 절대 안잡죠?  이런거땜에 돈주고도 택시못탐 잘쓰다 그냥 어플 삭제함 개같은새끼들 유리한 고객만 잡는 택시문화 그냥 버스탑니다,ios
,카카오 T,sj.kiim,2022-02-24T01:29:18-07:00,1,0,경로 최악,빠르게 가려고 택시타는건데 항상 네비 경로가 돌아가는 경로로 추천하네요. 매번 택시 탈 때마다 기사님한테 설명하기 번거롭습니다. 타 택시 어플도 많은데 굳이 카카오 택시를 타야하는 이유를 모르겠네요.,ios
,카카오 T,후h,2022-02-23T21:28:52-07:00,4,0,돌아서오고 멀리있는 사람이 먼저 잡으면 기다려야하고,기다리다가 참을성 없이 취소하는 고객들 때문에 패널티 주어지는건 좋다고 생각하지만 바로 오면 되는걸 빙 돌아서 오고 멀리 있는 기사님이 먼저 잡아버리면 10분넘게 기다려야하고 상황에 맞게 즉시 취소가 되는 시스템이 있으면 참 좋을거같네요,ios
,카카오 T,ㅇㅎ오ㅗ너너ㅓ랼,2022-02-23T19:08:20-07:00,1,0,승차거부 부추기는 어플,목적지 정보 입력하는등 승차거부 부추기는 시스템 전면적으로 교체하세요,ios
,카카오 T,호박에콩나물,2022-02-23T16:54:01-07:00,5,0,추가제안사항 있습니다.,"안녕하세요. 잘 이용하고 있는 유저 입니다. 다른 감안하고 이용하는 불편사항들 제외 하고 한가지만 더 말씀 드립니다. 출근길에 2-30분 정도 걸리는 거리를 이용하기 위해 11분정도 거리에 계신 기사님들 까지도 무리없이 이용하고 있었으나, 오늘 처음 41분 거리에 계신 기사님과 연결이 되었고 너무 당황해서 기사님과 통화해서 진짜 그시간이 걸리는것이 맞는지 확인했고, 취소요청을 했는데 취소를 하면 몇분간 배차를 못받는 패널티가 기사님도 저도  해당돼서 누군가는 손해를 봐야하는 상황이였습니다.. 41분....거리는 너무하지 않나요...? 그래서 몇분 이상 거리에 계신 기사님과의 연결을 취소 할 경우엔 패널티가 없거나 적었으면 합니다..한시가 급한데 무조건적인 ""호출취소=5분배차중단"" 으로 처리되기엔 불리한 상황이 너무 다양한것 같습니다..오늘 이런 상황에 첨으로 다른 택시앱 이용을 시도하는 나쁜짓도 했습니다.. 확인해주시어 개선이 되었으면 하는 바람입니다..이 리뷰를 봐주셨다면 감사합니다..",ios
,카카오 T,은도리소미,2022-02-23T03:10:25-07:00,1,0,맵 좀 고쳐요,동네구멍가게도 아니고 매번 벽너머로 현위치 찍어주면 어쩌라는 거에요,ios
,카카오 T,sueisabee,2022-02-22T05:57:29-07:00,1,0,왜 자꾸 인터넷 연결 안된 다고 하시지요? ㅠㅠ,자꾸 인터넷 연결 안된 다고 하시네요? 해결할 수 없나요? ㅠㅠ,ios
,카카오 T,shangus64,2022-02-21T22:39:42-07:00,1,0,바이크,바이크 관리를 아예 안하는듯. 타보면 고장난게 한둘이아님 ㅋㅋ,ios
,카카오 T,아냐여오ㅗ,2022-02-21T20:00:26-07:00,1,0,ㅉ,뭔 이런 ㅂㅅ같은 앱이 다 있노 ㅋㅋㅋㅋㅋㅋ,ios
,카카오 T,3919192883388382,2022-02-21T16:19:46-07:00,1,0,네비 똑바로 만드세용,일방통행길인데 매일같이 역주행으로 알려주고 최대한 빠른길로 알려준다지만 신호가 얼마나 많은지는 다 무시한 길로 안내한다면 그냥 제가 아는길로 가렵니다,ios
,카카오 T,틱톡 역겨움,2022-02-20T22:28:28-07:00,1,0,와,카드 결제로 계속뜨고 참 좋았어요 참 어이없네오 이딴거 다시는 안씀,ios
,카카오 T,김매력남,2022-02-20T05:26:08-07:00,5,0,이동 경로 선택은 왜 있는거죠??,아니 결국 타면 지들 멋대로 설정해서 네이연결 해줄꺼면서 이동경로 선택은 왜 있는지 의문 대놓고 농락하고 꼽주는건가?? 어이가 없네,ios
,카카오 T,르노와즈,2022-02-19T22:11:39-07:00,5,0,이용중,어플 잠금기능 추가좀해주세요,ios
,카카오 T,바나나차차2,2022-02-19T20:56:27-07:00,2,0,여러번을해도 튕기네요,가까운거리라고 수락안해주는가본데 저도 바빠서 택시 타는거에요 차 타면 금방이고 걸어가면 30분정도 걸리니까 6번을 콜해도 안잡히고 그냥 취소하고 전화로 불러서 갔네요 제 돈 내고 타는건데 이건 뭔 제발 기사님들이 이걸 보셨음 좋겠네요,ios
,카카오 T,이이이잉ㅇ이ㅣㅇ,2022-02-19T18:50:57-07:00,5,0,별 다섯개 줘야 보겠지 하고 적어요,왜이리 먼 곳만 잡히는 건지 모르겠는디  우티가 훨씬 빨리 잡히는 듯; 이건 승객만  느끼는 게 아니라 기사님들도 느끼시던데 고치셔야 할 거 같아요 우티로 갈아타고 싶게함;;,ios
,카카오 T,Do Hoon Kim,2022-02-19T12:08:33-07:00,1,0,맵이 보이지가 않습니다.,맵이 보이지가 않아 중요한 약속 놓칠 뻔했습니다. 정말 감사드립니다.,ios
,카카오 T,록갓,2022-02-18T18:43:39-07:00,1,0,제발,근처 1.2분 걸리는 기사님들 먼저 배차 하게 해주세요 빨리 가야하는데 5분이상 걸리는 기사님들 배차 하면 콜 부르는 이유가 없습니다 ;;;;,ios
,카카오 T,니기미18,2022-02-17T05:29:12-07:00,1,0,기사들 인성이 개쓰레기새끼들뿐임,개시발놈들이 일을하질말든가 차돌려달라면 돌리지도않고 네비켜놓고 지들 가고싶은길로가고 뒤에타서 폰하고잇으면 눈밀러로 힐끔힐끔 쳐다보면서 앞에 차 하나도 없는대도 신호걸릴라고 천천히가고 서비스정신이없어 개시팔노친네새끼들,ios
,카카오 T,2&28282828,2022-02-16T22:37:07-07:00,1,0,벤티 개짜증남,처음사용 해보는데 기사 배차안돼서 말없이 취소 ㅋ  아니 가까운거리도 아니고  오기 힘든길이면 요금더 받아야한다고 말을하던지 누가 돈 안준다그랬나  왜 배차안잡냐고요 돈을 준다고해도 안온대 ㅋㅅㅋㄱㅋㄱㅋㄱㅋ 고객센터 문의하면 뭐하냐고 지들 소견아니라고 이러고나있고 그말은 나도하겠네 기사분들이 잡아서 배차하는거면  카카오T는 뭐하러 있음?? 사무실에서 관리해줘야 하는 부분아니냐고요 택시도아니고 벤티인데  개인적으로 배차잡아서 돈버는건데  나몰라라하면 그만인가요??ටㅏ 스트레스받아,ios
,카카오 T,Fpahsaos,2022-02-16T17:50:11-07:00,1,0,abcdefg,abcdefgabcdefgabcdefg,ios
,카카오 T,토돌이어른,2022-02-15T17:33:39-07:00,1,0,ㅋㅋ도착예정시간에 가까워 가니까 갑자기 늘어남,안내하는 길을보면 다막히고 돌아가는길임 20분 소요 된다고 해서 탔는데 40분 걸리는 기적 막히는거 감안한다 쳐도 어케 도착예정시간 직전에 도착예정시간이 늘어나나요?? 이럴거면 그냥 지하철을 탔지요^^  매번 블루 이용하면서 서비스 이용료는 다내는뎈ㅋㅋㅋ,ios
,카카오 T,화잇테일,2022-02-15T07:16:49-07:00,1,0,개쓰레기,"대리 부른 후 대리기사님이 중복으로 배정 되더니, 한분이 취소해야 다음 콜을 잡을 수 있다며 취소 요청을 하셔서 취소해드렸더니 수수료 1만원을 결제함... 날 강도 서비스임",ios
,카카오 T,하고싶다가도 운빨때매 하기싫다,2022-02-15T04:45:50-07:00,1,0,음주마렵게하네 진짜,이코노미는 왜만든거냐 도대체 어떻게든 좀더 비싸게 잡으려고만 하고 이코노미는 잡히지도않아 무슨 잡혀야 뭘 대리를 하든가 할거아니야 잡히지도 않으니 아걍 가야겠다 하다보면 음주운전하는사람 많아질거아니야 음주운전 못하게 하려고 만든 어플이 음주운전 마렵게 하네 돈만 쳐밝히고 앵간치 돈 올려도 잡지를 않네 개빡쳐서 귀찮지만 리뷰남긴다 정신차려라 좀,ios
,카카오 T,法蒂什,2022-02-15T03:43:53-07:00,4,0,언어,언어가일본어영어 뿐이없는데 중국어도적용해줬으면좋겠어요...,ios
,카카오 T,ㅜㅜㅈ니,2022-02-14T06:48:26-07:00,1,0,아이폰 사용 하고 있습니다,데이터로 사용할땐 네트워크 연결이 되지 않는다 하고 와이파이 연결시에만 가능 하네요 이유가 뭘까요,ios
,카카오 T,그만까라제발,2022-02-12T23:46:29-07:00,5,0,ㅈㄴ 답도 없음 그냥 보라고 별 5개 달아준건데,먼거리에 있으면 좀 잡지 좀 말라 하세요 그리고 필요할때는 또 더럽게 안잡힘,ios
,카카오 T,쇠주애주,2022-02-12T20:38:25-07:00,1,0,터치미동작,앱 터치가 동작안함 아예 ㅡㅡ,ios
,카카오 T,ㅗㅜㅗ!ㅗㅜㅗ,2022-02-12T07:04:00-07:00,1,0,카카오대리,이건 뭐 우째얘기해야하는지 15000원짜리 거리의 대리를 25000원 짜리 카카오대리를 불렀는데 주소 잘못쳐서 취소했다가 다시 불렀는데 집오니까 34000원이네 뭐 개같은 경우가 다있나 대구 끝에서 끝에가도 40000원 나오는데 상담사 연결하니까 원래 부르던대리 금액 생각하시면 안된다고 그러는데 카카오는 명품이냐 개같은 대리기사한테 돈주는거면 이해라도 하지 니들이 다 떼먹으면서 가격 그따위로 책정하지마라 인성 말아먹을 새끼들아 별하나 주는거도 아깝다 이 리뷰도 사라지겠지 이 리뷰 보는분들은 카카오 절때 쓰지마요,ios
,카카오 T,ㅗㅗ엿ㅗㅗ,2022-02-11T22:26:34-07:00,1,0,경로 안내 좀 똑바로 해주세요,교통사항 수집해서 경로 안내 해주는거면 집회 있어서 차 밀리는 거 알 수 있는 것 아닌가요?? 그럼 우회로로 안내를 해줘야지 집회하는 도로로 알려주는 건 뭔가요??,ios
,카카오 T,아별명은또뭔데,2022-02-11T16:37:58-07:00,4,0,경로설정,"처음 경로 선택한거 자동으로 바뀌지않게 하거나 이동중에도 고객이 경로 설정 할 수 있게 해주세요 출근길 어디가 빠르고 어디가 막히는지 잘알고 경로설정해놨는데 마음대로 바껴서 다시 설정도 못하고 불편해요 오래걸릴때도 많고 , 네비만 보고 따라가시는 기사님한테 뭐라고 할수도없네요",ios
,카카오 T,알아서뭐하시게그러슈,2022-02-11T13:43:06-07:00,1,0,뭡니까,카카오 계정으로 로그인하는데 로그인 안 되서 카카오톡 비밀번호 지금 30번은 입력했네요 왜 로그인 안 되는거죠,ios
,카카오 T,98#,2022-02-10T16:03:13-07:00,1,0,제발 좀 5분 이용제한 없애라,아니 바빠죽겠는데 택시기사들은 길 이상한곳으로 가서 오지도 않고 취소하면 5분 제한된다 그러고 아니 뭐 이딴게 다있냐고 5분 제한한 이유가 뭐냐고,ios
,카카오 T,야리무,2022-02-09T18:29:24-07:00,5,0,네트워크 연결 오류 어떻게 해결하나여,지금 몇번째 지웠다 깔았다 하는데 계속 네트워크 와이파이 연결 오류라고 계속 떠요;; 사용하고 싶어도 사용을 못하네요,ios
,카카오 T,wjddb,2022-02-09T04:33:10-07:00,1,0,등급을 만들면 뭐하나요,"상담 응대도 개차반이고 이용자 마음은 1도 이해못하는데 아 그리고 경로는 왜 맨날 돌아갑니까? 아는사람들은 다 아는 차막히는 구간인데 네비를 도대체 왜자꾸 그리로 안내하고 원래 가는길은 경로에 뜨지도 않고..그래서 기사님들한테 매전 길설명 따로 해야하고 오히려 기사님들도 매번 왜 이리로 나오는지 의아해 하시면서 네비 끄고 가시던데;; 오늘은 택시 잡고 2분거리 기사님 배차, 1분뒤 도착뜨길래 집앞에 나가서 기다리는데 1분뒤 도착 뜨는 상태로 10분째 택시가 안옴 기사님은 전화도 안받음 발신번호제한때문에 안받으시나 하고 *23# 지우고 전화해도 안받음 결국 취소하고 다른 차 다시 호출하니 다른 기사님 2분만에 오시던데 애초에 우리집 택시 굉장히 잘 잡히는곳이라 한번도 이런적 없었고 아니 기사님이 뭔 일이 생겼음 전화라도 받든가 아님 통보라도 해줘야지 1분뒤 도착이라니까 오겠지 곧 오겠지 하고 계속 기다린 내 시간이 아깝고 카카오티 고객센터에서는 죄송하다 기사 벌점 부과하고 다신 만나지 않게 하겠다 하고 그뒤론 그냥 죄송무새.. 사과해달라고 고객센터 연락한게 아니라 기사님 왜 내 전화 다 안받고 차단하신건지 왜 안오신건지 궁금한데 기사랑 연결도 못해준다 운수회사도 못알려준다 차막힐거 생각해서 넉넉히 시간 잡고 택시 부른건대도 이거때문에 지각한건 그냥 카카오택시 쓴 내 잘못인가요 뭐 나하나 빠져 나간다고 큰 타격없으시겠지만 저는 갈아탑니다 잘먹고 잘사세요",ios
,카카오 T,바애ㅔ비,2022-02-09T04:21:50-07:00,1,0,이어플왜있는지 모르겠다,이어플 왜있는거예요?택시 없으니까 택시 잡으라고 만든어플아니예요?기사님들 목적지보고 가깝거나 사람들없으면 아예 오지도않는데 제가 일끝나고 택시를 타고 깊어도 단한번을 타서 간적이없어요 눈왔을때부터 지금 몇일을 택시구경하기 힘든줄아세요?,ios
,카카오 T,1235-hwl,2022-02-08T15:22:24-07:00,1,0,열받아서 이제이용안하려함,한두번도아니고 아침시간 바쁠때 이용하다가는 출근전부터 기분상함ㅋㅋ5분이상 먼택시가 잡히기도하며 배차됬는데 10분동안 주유소에서 움직이지않을경우도있고 바로뒤 1분거리 출발지찍혀있으나 네비가알러준단이유로 7분뒤로 돌아서 가길래 직접전화드렸으나 못알아들으시는 어르신들이많음 심지어 취소되면 5분동안 택시못잡음,ios
,카카오 T,탈설계가능?,2022-02-06T16:41:04-07:00,1,0,ㄹㅇ 최악 다른거 없어서씀,경로가 ㄹㅇ 이상함. 택시들 일부러 호출안잡음.,ios
,카카오 T,ckoon.2,2022-02-06T15:32:56-07:00,1,0,……,아니 택시를 타려고 잡으면 잡고 계속 취소 하시고 택시를 빠르게 타고 가려고 해도 계속 취소 하시니 갈수가 없네요…콜을 잡으셨는데 아무리 손님 거리가 조금 멀어도 잡으시면 와주셨으면 좋겠습니다.. 택시 쿨 부르시는 분들은 급한데 그렇게 계속 취소 하시면…좀 화가 날때도 있습니다…ㅠㅠ 저번에도 콜 3번이나 잡혔는데 다 취소 하시더라고요..오늘도 잡으신 분이 또 취소 하셔서 화가나서 이렇게 라도 리뷰 남깁니다…,ios
,카카오 T,suitesuit,2022-02-06T13:47:10-07:00,1,0,최악,바로앞에 택시 세대 있는데 6분 거리에서 보내주는거 참…,ios
,카카오 T,ㄷㅂㅈᆞㅅ,2022-02-06T07:15:21-07:00,3,0,네트워크가 열결되지 않았습니다,문구가 뜨면서 카카오계정연결하기가 되지않습니다. 카카오 고객센터와 카카오택시는 서로 저의 문의를 토스하며 제대로된 답변을 안해주세요 앱삭제후 재설치를 몇번이나해도안됩니다.ㅠ 방법좀 알려주세요 기종은 아이폰 XR입니다.. 너무답답해요,ios
,카카오 T,지밍구12,2022-02-05T01:59:47-07:00,1,0,사용하지마세요,강릉에서 18시에 불러서 타고 갔는데 보통 포남에서 교동까지 5천3백원 정도 나오는데  뺑돌아서 거이 6천원 이상이 나왔습니다,ios
,카카오 T,hongvenus,2022-02-04T20:30:33-07:00,1,0,빙빙돌고돌아,돌아서 갈 수 있는 모든 길은 다 돌이가는 카카오택시 택시 타면 네비대로 가주세요 말하기 무서운 택시,ios
,카카오 T,됴큥,2022-02-03T19:21:25-07:00,3,0,제발,1)네비는 장식인듯 2)담배 피우시는 기사님 계심(다 그렇다는 건 아님) 3)불친절한 기사님(다 그렇다는 건 아님)  4)경로 추천? 그것도 별로 없음(본인이 경로를 직접 설정 할 수 있는 기능이 생겼으면) 5)목적지 반대편이 아닌 그 앞!! 바로 앞! 에서 내려줬으면  6)길 잘못 갔는데 사과없음 7)거리에 따라 가려서 손님 받음,ios
,카카오 T,치김치김,2022-02-03T05:58:37-07:00,1,0,대리기능에 대해서,대리할때 택시처럼 미터로 계산 안하고 책정금액으로 호출될수있으니 꼭 확인하고 타세요   옵션이 오른쪽 > 버튼에 있는데 숨겨놓고 설명기능도 없답니다.,ios
,카카오 T,3always8,2022-02-02T21:39:13-07:00,1,0,기사 관리 최악,기사님이 창문을 올리다 고객 손이 끼었는데 그걸 자신이 안했다고 발뺌하네요. 항의하니까 되려 소리지르고. 카카오택시도 그냥 택시랑 똑같군요. 공공 택시앱으로 갈아탑니다. 수고하세요.,ios
,카카오 T,쓰레기구분사,2022-02-02T01:37:22-07:00,1,0,1점도 아깝다,상담원 교육좀 잘하쇼 듣는거같지도 않아서 듣고계세요?라고 계속 물어야되고 일하기 싫은티 팍팍내노 ㅋㅋㅋㅋ 왜 고객이 눈치봄? 택시 이중요금사기당해서 상담원 요청했더니 자기들은 해줄수있는게 없다 ~~~~~~ 직접결제라 뭐 해줄 수 있는게 없다~~~ 그럼 나는 경찰에 신고해야되나?? 21세기 사기꾼집단아니노ㅋㅋㅋㅋ,ios
,카카오 T,idayeon,2022-02-01T18:20:27-07:00,1,0,하 진짴ㅋ,아니 급해서 택시 잡는 사람 많을텐데 가까운 거리인데 5분거리 사람이 안잡고 사람이 왜그러는지 참ㅋ 더 멀리가는 사람만 잡고 그거 돈 좀더 벌겠다고 가까운거리라도 급한사람은 나몰라라 하는건가 이럴꺼면 택시 운행을 하지말던가 왜그러는지 모르겠네 이거 때문에 출근을 늦게 하고 사람이 왜그러는거얔ㅋ 기본이 안되있네,ios
,카카오 T,시장은 항상 새로운 강자가 나온다,2022-02-01T17:43:18-07:00,2,0,밴티예약 시스템 혼란,"밴티 예약 후 기사님 사정으로 올 수 없다고 전화받은 후, 자동 취소처리나 재배차 된다는 알림 없이, 해당 배차시간에 다른 기사님으로 자동 배차가 되어버려 취소가 안된 줄 모르고 밴티 예약 결제가 되어버렸습니다.  카카오티에서 이러한 상황에 고객의 혼선이 없게 밴티 이용에 대한 확실한 알림 시스템이 갖춰져야 할것 같습니다.   이러한 상황 때문에 이용하기가 싫어졌습니다.",ios
,카카오 T,0MuGwOrT0,2022-02-01T05:47:11-07:00,3,0,전에 카카오T,"한번 깔았다가 쓰지도 않고 지웠었는데 오늘 인증번호 입력해달라고 문자가 왔습니다, 이게 무슨 일일까요?",ios
,카카오 T,택시천국,2022-01-31T20:22:25-07:00,1,0,아니 밖에 택시가 얼마나 많은데 왜 잡혀요;;?,처음 카카오 택시 생겼을때는 잘만 잡히더니 이제는 원하는곳에 불러서 원하는곳 곳 까지 가려니까 잡히지가 않네요;; 일부러 안잡는거 같아요 제 생각에는 편할려고 택시 타는건데 이건 좀 아닌거 같습니다;;,ios
,카카오 T,혦이ㅇㅅㅇ,2022-01-30T10:27:21-07:00,1,0,시스템 그지같내요,별점 주기도 아까움,ios
,카카오 T,쓰리김,2022-01-30T04:55:08-07:00,1,0,블루택시만 잡히게 할거면,일반택시 호출은 잡히지도 않고 블루택시 기능은 왜 만들어서 기사들 전부 그거만 기다리는지 일반택시 호출은 오지도 않고 이게 뭡니까 기사들 교육을 시키던지 블루택시 기능을 없애던지 아니면 돈을 더 쳐올려서 제때 오게 기능을 만들던지 이게 뭐냐고,ios
,카카오 T,개르를,2022-01-30T04:45:39-07:00,1,0,고객센터 대응이 너무 불친절해요,중간에서 수수료 받아먹는 업체면 최소한 고객과 기사사이의  문제가 생기면 고객을 도와줘야하는거아닌가요 나몰라라식 응대 진짜 화나네요,ios
,카카오 T,모모모모모모모모모모모모모모,2022-01-29T22:26:48-07:00,1,0,개별로,ㅈㄴ별로 돈 수수료 받으려고 뺑돌아감,ios
,카카오 T,카택안써,2022-01-29T15:57:22-07:00,1,0,택시경로,지역 토박이라 경로 다 아는데 일부로 돌아가는 택시 경로로 네비가 알려주네요 기사님이 알아서 빠른 길로 가주셔서 망정이지 적당히 경로 돌아가게 해야지 어이가 없어서,ios
,카카오 T,잏ㄴ,2022-01-28T22:08:10-07:00,1,0,카카오 기사들의 인성,"택시에 에어팟 놓고 내렸는데 그래서 바로 전화했더니 차로 10분 거리도 안되는데 지금 온 콜 거절 못한다고 그 청담동으로 가는 콜 받고 오는 길 요금까지 계산한다고 말함ㅋㅋㅋㅋㅋㅋㅋㅋㅋ 그래서 고객센터한테 물어보니 ""기사의 재량""에 맡긴다네요ㅋㅋㅋㅋㅋㅋㅋㅋ그리고 콜을 거절하는건 기사의 ""자율"" 기사도 문제고 카카오 본사도 문제임 오늘 이후로 카카오 택시 안씁니다",ios
,카카오 T,우다리이다,2022-01-28T07:33:07-07:00,1,0,정신나갈거같다 진짜 ㅋㅋ,카카오 블루 거지같은 자동배차 시스템 곧 승객이 하차한다믄서 손님태우고 10분은 더가는데 20분이상 처 대기하고 탈거면 카카오 블루 이용료를 왜 내나? 제발 시스템 처 고치세요 ㅋㅋ,ios
,카카오 T,ㄲㅈ ㅇㅇㅇㅇㅇㅇㅇㅇㅇ,2022-01-27T23:46:42-07:00,1,0,가까운 거리여서 요금 7000원 나오는 거리라고 잡히지도 않네요,진짜 그따구로 살지마세요,ios
,카카오 T,훌라후,2022-01-27T04:48:17-07:00,1,0,존나게 안잡히네,대한민국 택시 다 디졌냐…,ios
,카카오 T,상텔레캐스터,2022-01-27T04:37:49-07:00,1,0,쓰레기같음,30분이 넘도록 거리 가깝다고 콜 안잡힘 이럴거면 스마트 호출이라고 왜 있는건지 이해가 안감 여기 쓴다고 피드백이 이뤄질 거라는 기대는 1도 안하고 행여나 누가 다운받아서 쓸까봐 남김.,ios
,카카오 T,isanaae,2022-01-27T02:13:16-07:00,1,0,카택별로,맨날 지도에 주소잡아도 지대로 안오고 기사님들도 맨날 멀리잡히고 개선안되서 우티로 갈아탐 우티가 훨씬 좋음,ios
,카카오 T,FEEL_3,2022-01-26T23:08:00-07:00,1,0,예상 시간이 있어도 잘지켜지지 않음.,"퀵을 사용하는 이유가 있고, 시간계산해서 퀵 요청했는데, 도착시간 훨씬 지나서 오지 않음. 그래서 연락했더니 한시간 반 뒤 도착이라는 답변... 카카오가 원래 그렇게 시간 잡는다며 응대 끝... 아니면 급송하라는데 이게 맞는건지, 시간을 굳이 타이트하게 해서 일단 결제하게 하려고 그정도 정보만 보여주는건지.. 늘 급할때 이러니 답답하네요 정말, 그렇다고 고객센터에서 정보를 잘 알려주지도 않고 답답하네요",ios
,카카오 T,카택안써이제,2022-01-26T03:57:49-07:00,1,0,아니진짜 성질나네,경기도 성남 사는데 왜 모범만 잡히고 스마트호출이 그나마 잡혔는데 왜 없애버리나요 ㅋㅋ벤티예약은 왜있냐?잡히지도 않던데ㅋㅋㅋ퀵 이딴데만 신경쓰지말고 택시에나 써 양심없는 놈들아ㅡㅡ,ios
,카카오 T,뒤뚠,2022-01-26T03:56:25-07:00,1,0,네비가 쓰레기 인거같아여.,"카카오에서 알려쥬는 길은 왜이렇게 돌아가는 길이 많은지 , 네비 예상시간 45분인데 네비길말고 다른길로 가니 35분으로 바로 줄더라구요. 한두번도 아니고.. .. 맘 편히 자면서도 못가고 길안내 하면서 가야되는 네비가 너무 최악인듯",ios
,카카오 T,빔가,2022-01-25T20:03:45-07:00,3,0,친구집에놀러오고 보낼때 너무먼거리의택시가잡혀서,기차시간늦어서 잡히자마자 취소했는데 핸드폰에서 그택시가 곧도착한다고 알람이뜨네요? 이용기록에도안뜨는데 실제로 그택시도 집앞까지 왔구요 오류고쳐주세요 그리고 급해죽갰는데 먼거리에서 더먼거리까지 손님 내리고 오는 택시는 못잡게좀해줘요,ios
,카카오 T,Hsmㄹㄹ,2022-01-24T22:15:08-07:00,3,0,요청사안,상단에 있는 마이카랑 여행 자리를 바꾸고 싶습니다. 그리고 카카오맵에서 기차표나 비행기 표를 예매해서 가는 경로에는 카카오T로 바로 연결되어 예매할 수 있게 해줬으면 좋겠습니다.,ios
,카카오 T,985284658/8,2022-01-24T14:54:44-07:00,2,0,운행중인 블루 택시 안잡히게 해주세요,근처에만 있으면 다 자동으로 잡히는데 운행중이면 안잡혀야 하는거 아닌가요 바쁘고 콜 안받을까봐 일부러 블루로만 부르는데 택시 잡는데 오분뒤에 손님내려주고 십분뒤에 오는 택시를 잡아주면 블루를 왜 부릅니까,ios
,카카오 T,fyevdy,2022-01-23T23:03:57-07:00,5,0,출발지오류와 기사님의 분조장,가끔 제가 지정한 출발지랑 기사님한테 찍히는거랑 다르게 되더라고요 그렇게 해서 전화오면 백중에 백은 말도 안들어보고 다짜고짜 왜 다른데에 있냐고 소리지르고 화내고😳 이것만 고쳐지면 참 좋을텐데,ios
,카카오 T,진짜펙트,2022-01-23T17:01:17-07:00,1,0,삭제해야하는 어플 쓰레기임 그냥,잡히는 꼴을 못봄 그리고 택시가 시간절약하려고 이용하는건데 왜 10분거리 기사님들이 배정돼요? 아이x으로 갈아탑니다^^,ios
,카카오 T,소히배고파,2022-01-22T18:28:32-07:00,1,0,돈만 뽑아먹는 이상한 서비스,불렀더니 코 앞에 있는 곳을 10분 넘게 걸려서옴 카카오기사가 자기네들은 길 모른다 시전 카카오 네비만 본다고 함 여기까지는 이해 해본다고 쳐도 카카오네비가 없는 길 알려줌~ 카카오기사는 길 모르니 계속 돌고 돌고 결국 택시비 엄청 나옴^^^  고객센터는 우회한거같냐고 앵무새 답변만 하면서  기사한테 직접 말하라고 웅앵웅  응~ 우리가 없는 경로 띄워줘서  니 돈 많이 나온거 알겠어~  근데 네비는 보조역할이지 기사가 알아서 가줘야해~  그러니 기사한테 직접 얘기해~  이게 뭔 쥐가 야옹하는 소리임  길도 모르는 카카오T택시기사 왜 만든건지 돈만 뽑아먹으면 다라는 마인드 극혐 기업 자체 악평이 왜 많은지 공감 엄청 가는 날^^^,ios
,카카오 T,dolce라떼,2022-01-22T12:02:14-07:00,1,0,카카오t대리는 문제가 많네요,예약제가 생기고 난 후에 많은 일들이 있었는데요 일단 대리기사 한분은 예약제 또 한분은 일반콜을 잡으시고 오셨는데 이럴경우 예약콜을 잡으신 기사님은 최소 전화를 미리 주셔야 하는거 아닌가요? 전화가 없었기에 소비자 입장에선 안 잡힌줄 알고 콜을 또 올리게 되는 경우가 생기더라구요 같은콜을 올리지 못 하도록 조치바랍니다 개판입니다 정말 ㅡㅡ,ios
,카카오 T,손님 1818호,2022-01-22T04:23:28-07:00,1,0,.,기사님들 씨* 지들 돈 안될 거 같으면 호출 다 끊어삐는데요,ios
,카카오 T,박열매,2022-01-22T00:59:28-07:00,2,0,🚕,"집 앞으로 불러 탈 수 있어서 애용하고 ㅔ있어요 근데 기사님 중에 종종 하차 후에도 운행 종료를 누르지 않는 분이 계셔요 ㅜㅜ 내릴 때 4000원 찍혀있었는데 결제 된 거 보면 4100, 4200 이렇더라구요  이런 경우가 올해만 3번 정도 있어서 기분이 좋진 않네요,,,🥲  기사님이 운행 종료를 누르는게 아니라 사용자 위치가 목적지에 도착했을 때 바로 운행 종료되면 좋을 것 같아요..!",ios
,카카오 T,호어닛,2022-01-21T16:07:30-07:00,1,0,카카오 대리 부르지마세요,카카오 대리 부르려고 하다가 취소를 했는데 돈 2만원은 떼먹고 돌려주지도 않네요 이게 맞다고 보나요?,ios
,카카오 T,김일이삼,2022-01-21T00:46:08-07:00,3,0,중복(?) 호출 안되게 할 수 있는지 문의 드립니다,택시 이용하고 있으면 다른 택시 안잡히게 할 수 없을까요ㅠㅠㅠ 예약해서 오고 있는데 한 번 더 잡혀서 기사님 두분이 오고 계셨어요 급하게 한 분 취소했는데 너무 죄송하네오 오류인가요….,ios
,카카오 T,눈이오던날,2022-01-20T16:47:00-07:00,1,0,카카오 택시 고객센터,"살다 살다 불친절 끝판왕 고객센터  카카오 택시 고객센터 직원 말투가 정말 형편이 없네요 남자분이 였음  누가보면 자기가 사장인줄 알겟어요  전 카카오 고객센터 직원보고 느꼈어요  콜센터 돈 벌기 참 쉽구나!!하고  아는 것도 없어~ 말투도 형편없어~ 일하면서 어떻게 아는게 하나도 없는지 그것도 의문임 !!  그냥 전화만 받고  한귀로 듣고 흘리고, 고객이 그러던지 말던지 ㅋㅋㅋㅋ 그냥 불편을 드려 죄송합니다 하면 끝나는 건데 여튼 말투가 고객센터에 있으면 안되는 말투임! 통화하면서 고객센터 직원때문에  내가 화가난게 더 신기~ 새로운 경험했어요ㅋㅋ 여기에 이런거 적는 것도 새로운 경험이네요 ㅋㅋㅋ 적는 나도 웃기지만 ㅋㅋㅋ 어느정도의 개선이 있을까나 싶어서 적어봄",ios
,카카오 T,피망ㅈ맞고겜ㅋ,2022-01-20T06:18:41-07:00,1,0,돈미새,돈미새,ios
,카카오 T,납로큐,2022-01-19T18:19:56-07:00,5,0,답변부탁드립니다,사진이 첨부되면 좋겠지만 안되어 말로 설명하겟습니다  카카오계정으로 시작해서 핸드폰번호로 인증번호로 인증 후 파란화면에서 아무것도 눌리지 않습니다 해결방법이 있을까요?,ios
,카카오 T,마흔두부엄마,2022-01-19T04:55:17-07:00,1,0,택시,세번이나 두시간째 한대도 배차못잡아줌 진짜꽝,ios
,카카오 T,FCS_VANS,2022-01-18T21:56:10-07:00,5,0,좀 보세요,아니 요즘 택시 왜이리 안잡하는거죠,ios
,카카오 T,용산러,2022-01-18T18:12:14-07:00,1,0,못쓰겠음 다른 택시앱 추천좀,카드 중복 결제취소도 안돼 다른 앱은 괜찮은데 유독 네트워크 끊기고 느려져… 그래서 그동안 우티로 썻는데 우티도 맛 감ㅠㅠ 우티 대체할 좀 괜찮은 택시 앱 없나요 카카오티는 못쓰겟다,ios
,카카오 T,hphedro,2022-01-18T15:21:10-07:00,4,0,블랙,블랙 서비스 아이콘에 쿠팡이 표시되여. 헷갈리니 빠른 수정 바랍니다,ios
,카카오 T,벌어어,2022-01-18T04:18:06-07:00,1,1,시발년임,대리불렀드만 술드셧어요 ㅇㅈㄹ ㅋㅋㅋㅋㅋㅋ,ios
,카카오 T,구래구래몬,2022-01-17T06:56:45-07:00,5,0,안볼까봐 별 다섯개합니다.,모범택시 부를 생각도없는데 모범으로 사람 몰아가는것도 제발 작작좀^^… 즐거운 마음으로 모범타니까 카카오내비가 돌아가는 길 알려줬다고 5분거리를 10분가는거 실화인가 가슴이 웅장해진다. 처음엔 기사 욕을 했지만 그 사람도 소시민이고 애초에 모범으로 너무 유도하는 카카오가 잘못이라 생각합니다.,ios
,카카오 T,카카오T앱불매,2022-01-16T23:29:50-07:00,5,0,취소부과료가 5만원인 벤티 이용하지 마세요,"공항에서 집으로 시간을 넉넉히 잡아 벤티 예약을 하였습니다. 비행기가 지연이 30분까지 될 경우를 어림잡아 김포공항에 도착을 하였습니다.  3:10 예약을 하였는데 비행기가 3:10에 도착을 하여 그 전까지 연락을 닿을 수가 없었습니다. 이것은 저의 미찰로 인정은 하다만 5분간 노쇼로 보이면 취소 부과료가 “5만원”이 발생한다고 예약 취소를 “일방적으로” 당했습니다.  5분 기다리는게 그렇게 어려웠나요? 아니죠 5분도 아니었습니다. 벤티 기사님들 10분 미리 도착하시더군요. 그리고 그 전에 연락을 드리려고 어떻게든 앱을 뒤져봐도 기사님이 출발을 해야지만 연락을 닿을 수 있더라고요.  기사님의 문제가 더 크지만, 카카오 T 앱의 과잉보호적인 태도로 기사님께 문자 하나 드리지도 못했습니다.  취소를 쉽사리 하지 못하는 이 앱, 기사님 멋대로 일방적인 취소를 할 수 있는 이 앱 더 이상 사용 안 합니다.",ios
,카카오 T,쑤왱,2022-01-16T05:12:31-07:00,1,0,택시라는게,아니 가까이있는데 왜안잡는건지 이해가 안가네….급해죽겠는데 10번 넘게 돌려도 안잡고 이럴거면 왜 이런게 있는건지 모르겠네여..,ios
,카카오 T,yskim0110,2022-01-15T22:10:52-07:00,1,0,ㆍ,블루이용료도동의한적도없는데 알아서부과되고 취소수수료도 지들맘대로때리네요 묻지도않고,ios
,카카오 T,렝디,2022-01-14T19:20:42-07:00,3,0,취소하면 5분 제한 왜 걸어놓은건가요?,급한 사람은 어떡하라는거죠.. 멀리 있는 택시 잡히면 취소할수도 없고 마냥 기다려야되는데 1분1초가 중요하니까 택시 부르는거 아닌가요? 5분 제한해두면 택시 부르는게 무슨 소용인가 싶어요 이것만 좀 개선해주세요!!,ios
,카카오 T,mcs271,2022-01-14T03:28:52-07:00,1,0,콜센터 팀장이라고?,"술도 먹었지만. 택시 부르고 일방적으로 기사님이 거부했어요. 하지만 기본요금 결재되고, 문의했지만 콜센터 팀장이라는 사람이 심할정도로 목소리 놓여가며 짜증으로 대응하고, 확실한건 “그래서 어떻게 할건데”라고 하지를 않나 … 대기업이라는 곳에서 관리하는 콜센터 직원이 너무 심한고 아닌가 합니다.   결국에는 기본 콜비 그냥 날렸네요.   기사님. 그냥 가실거면 직접 콜 취소 하시는게 맞는것 같아요.",ios
,카카오 T,호오바악고우구마,2022-01-14T01:18:21-07:00,1,0,개택 법택 욕나온다,원주지역 콜잡고 바로 취소누르는 경우는 뭐야? 그거 콜잡았다가 기사 멋대로 취소누르면 다음택시는 거의 30분이상잡아야하는데 한번잡히면 취소좀 못하게해봐요,ios
,카카오 T,soicem,2022-01-13T17:48:55-07:00,4,0,lte만 사용해서 동작시에 connection이 안된다는 메시지가 발생합니다,인터넷은 잘되는데 lte 상황에서 카카오모빌리티 사용시 네트워크 연결이 안된다는 팝업이 발생하는데 확인 부탁드립니다,ios
,카카오 T,rrssasdfscfxcrd,2022-01-13T14:12:03-07:00,1,0,점점 쓰레기가 돼 간다,"일반으로 부르면 일부로 멀리 있는 택시 잡아 주는듯  주변에 빈택시 엄청 많은데 안 잡히고 멀리서 잡힘  택시 아저씨한테 여쭤 보니, 본인이 잡은 게 아니라   강제로 잡히는 거라 함.    나쁜 놈들",ios
,카카오 T,홍길둉,2022-01-13T03:03:18-07:00,1,0,거리 가까운순 기사가 우선적으로 배치되게 안됩니까,거의다 시간없어서 택시타지 않나요 시간아낄려고 카카오택시로 미리 잡는건데 뭔 5분거리이상 기사들이 잡으면 바로 취소도 부담되고 (기사들 손님탓 오지게함 아니 지들이 멀리 있는거 잡아놓곸ㅋㅋ ) 시간없어서 택시 잡았는데 길거리에는 빈차들 다니고 있고; 먼거리 기사들이 잡으니까 카카오택시 안쓰고 걍 길에 나가서 지나가는 택시 잡는게 더 이득이네요 진짜 아진짜 위치도 지멋대로 잡히고 불친절하고 이상한 기사들 별 한개 평가하면 불이익 가긴하는건지; 아진짜 택시타기 싫어짐,ios
,카카오 T,어우짱나짱나,2022-01-12T19:15:41-07:00,1,0,누적된호출취소로 24시간이용할수없대,장난하나 매일이용했는데,ios
,카카오 T,맥크리트,2022-01-12T15:38:04-07:00,1,0,블루피크 이건 아니지요?,어떻게든 요금 인상하려는 모슴 보여주셔서 참 좋습니다. 덕분에 택시 안 타려고 생활 습관이 개선되네요. ㅎㅎㅎ,ios
,카카오 T,Tongbox,2022-01-12T14:44:47-07:00,1,0,콜골라잡기?,거리따라 콜 안잡하는거 너무 눈에 보임  같은 장소에서 가는곳 따라 콜 잡히는 속도가 너무 차이남,ios
,카카오 T,fpgrxkkga,2022-01-12T14:19:58-07:00,1,0,5분이상 거리 배차해놓고 돈받냐,아침에 급해서 타는데 꼭 5분 이상 기사님 블루 배치해놓고 취소하면 취소 수수료 받는데 진심 짜증납니다,ios
,카카오 T,당구 피융신,2022-01-12T04:27:58-07:00,1,0,맞나요?,아니 솔직히 택시 한번 부르는데 택시가 몇십만대가 있는데 10분까자가고 솔직히 의문인데요 걍 물어볼게여 여기지역 택시가 10분까지 안잡히는거면 말이안됨 우리가 택시를 어떤거 탈지 정해놓고 타나요? 아니죠? 근데 그것도 이 지역 택시들이 전부다 안잡힌다고? 10분넘어서도? 택시가 없다고요? 솔직히 인증다까보세요 증거를 주시라고 추운데 택시 한 번이 안잡혀 무슨 VIP택시타나? 이거 진짜 매우 의문임.,ios
,카카오 T,찡빵또리,2022-01-12T02:23:27-07:00,1,0,1점도 아까워요,"제발..... 멀리 돌아서 와야 하는 차량 좀 배차 시키지 말아 주세요 !!!!! 다른 거 말고 이런 거나 좀 개선하고 업데이트 하라고 전달해 주세요. 자동 배차라서 기사님이 선택 할 수도 없잖아요 !!!!! 위치상 곧바로 오지도 못 하고, 한참을 돌아서 와야 하는 차량을 왜 자꾸 잡아 주시나요 도대체 왜 ㅡㅡ   처음에 뜨는 도착 예정 시간 보고 기다리면 꼭 돌아서 오는 바람에 도착 시간 늘어나고. 그러는 사이 당연히 1분 지나고. 1분 지나서 취소 하면 패널티 자동 결제 되고 ^^ 다른 차량 다시 잡으려면 다시 기다려야 되고. 패널티 결제 된 거 취소 하려면 고객 센터에 말씀 드려야 되고. 번거로워 죽겠어요 진짜 ㅋㅋㅋ  하루 이틀이 아니고 1,2년도 아니고 항상 이런식이에요..... 개발팀에서는 귀 막고 눈 가리고 있는 건지 도대체가 발전이 없네요 ??? 카카오 서비스 문어발식으로 자꾸 여기 저기 손 댈 궁리만 하지 말고, 애초 부터 있는 서비스나 잘 챙기고 제대로 개선 시켜 나가기를 바랍니다. 정신 차리고 제대로 좀 해보세요 진짜 제발.....",ios
,카카오 T,몰레이,2022-01-11T21:56:08-07:00,4,0,자주 맞은 편으로 택시가 도착하게끔 잡혀요,핀 위치를 정확하게 위치를 시켰는데도 꽤 자주 택시 도착지가 맞은편 쪽으로 도착해서 맨날 기사님이 취소하라고 못 돌아간다고 하실 때가 많아요  택시 취소하면 십분동안 잡을 수도없고 무작정 취소하라하니 감정도 많이 상합니다 이부분 시급히 조정해주셨으면합니다,ios
,카카오 T,mmddss663,2022-01-11T06:03:26-07:00,5,0,택시 잡을때 지도도 기사님 정보도 아무것도 안뜹니다,회색 화면으로 계속 뜨고 삭제해보고 업데이트도 최신이고 상담사 연결은 개 힘들게 되는데 기종이나 버전 업데이트 상태나 물어보고 미치겠네,ios
,카카오 T,불공정해요,2022-01-11T01:33:54-07:00,1,0,5번 취소 24시간 이용 불가 불공정,다른 분들도 많이 작성한 것 같은데 하루에도 아침에 네다섯번씩 기사님들이 잡으셔놓고 멀다고 못온다고 다른거 잡으라고 전화가 옵니다. 취소도 저보고 하라 그러는데 아침에 급한 상황에 취소 안하고 10분 이상 거리의 택시를 제가 기다려야하나요? 취소하다가 24시간씩 이용 못하는 것도 너무 불공정 한 것 같습니다. 매년 매달 vip찍을만큼 많이 타는데 이건 꼭 좀 고쳐주셨으면 좋겠습니다.,ios
,카카오 T,77744446666,2022-01-10T15:52:02-07:00,2,0,개선 필요한거 같아요,멀리 계신 기사님이 잡는거까지는 기다릴 수 있는데 돌아가는 경로로 바뀌고 가까운거리를 기사님이 삥 돌아서 오게하고 원래 길 알던 기사님 아니면 그렇게 돌아서 오십니다. 경로 안내하는거 개선좀 해주세요. 서비스 애용하는데 너무 불편해요,ios
,카카오 T,angkoman,2022-01-10T15:36:58-07:00,1,0,타다 없앤 카카오 택시 정작 배차 잘 안돼,출근 시간에 30분 동안 같은 자리에서 짧은 거리도 아니고 콜 계속 넣었는데 절대 안 잡힘. 근데 지역 콜택시로 전화하니까 바로 잡힘. 제발 콜에 목적지 뜨는것 좀 없애라 타다 만들어질때 승차거부 없애겠다고 입 털더니 아무것도 안 하고 내가 그 자리에서 콜 잡으면 택시 승강장인대도 기사들이 피해지나가고 전광등 끄고 지나가고 하는경우가 부지기수다,ios
,카카오 T,뭐하니너네,2022-01-10T09:41:26-07:00,1,0,망할거,출퇴근 시간이라고 500원 더쳐받고 취소하자니 일분뒤라 수수료 붙고 기사새끼는 오분거리애서 기어오고 ㅋㅋㅋㅋㅋ,ios
,카카오 T,떠나또기,2022-01-09T22:47:30-07:00,1,0,카카오는 대기업의 횡포느낌..,진짜 택시고객&기사님 윈윈할 수 있게 서비스 시스템을 구축하길 바람 쓰면 쓸수록 카카오 택시는 별로임,ios
,카카오 T,ㅁㄴㅇㄹㅌㅋㄷㅈ,2022-01-09T00:56:39-07:00,2,0,와이파이 상태에서만 되는거,어케 고치나요?,ios
,카카오 T,긴누,2022-01-07T16:45:00-07:00,1,0,카카오 주차 자동결제 넘 불편,자동결제 신청하면 1. 코엑스 종이영수증 인식 안됨 2. 용산 아이파크몰 자체 어플에서 제공하는 무료 주차권 연동 안돼서 돈 내고 씀.. 자동결제 안할래유,ios
,카카오 T,눈물별,2022-01-07T02:48:58-07:00,1,1,진짜 대체 왜그러나요,블루택시 누가 타고있으면 제발 그냥 안잡히게해주세요 진짜...; 곧 내린다면서 뭔 금방내려요 택시가 버스보다 느린게 말이되냐고요,ios
,카카오 T,왜째서입니까,2022-01-07T01:48:52-07:00,1,0,일부러 그러시는 거예요?,탈때마다 제일 돌아가고 제일 막히는 길로 경로 추천되던데 일부러 그러시는 건가요?? 창조경제 뭐 그런건가요??? 경로 선택을 하려고 해도 이상한 경로밖에 안뜨고.. 이럴거면 추천경로 없는게 나을 것 같네요..,ios
,카카오 T,아오이야오아,2022-01-05T16:01:30-07:00,1,1,이용제한,"늦어서 택시 타는건데 9-13분 거리에 콜 잡으시는 기사님들 ...취소하고 또 잡아도 8분 ..9분거리 .. 결국 취소만 하다가 이용제한 당하고,..도로에는 빈차도 없고..., 멘붕오죠.. 지하철 계속 탔으면 5분정도만 늦는건데 ~ 그 5분 지각 안하려고 택시 타려다 30분 지각 했네요;;; 제발 5분이상 걸리시면 양심적으로 기사님들이 먼저 취소 하게 해주세요 출근시간은 항상 1분 1초를 다투는건데 10분 웬말입니까",ios
,카카오 T,Rviwee,2022-01-04T20:23:59-07:00,4,0,벤티 예약 관련,벤티 예약 후 12시간이 지난 후에도 확정여부에 대한 알림이 오지 않아서(앱 알림 켜둔 상태임에도) 어플에 들어가 확정여부를 확인하려 했으나 어플상에서 기록을 확인할 수가 없습니다. 예약성공 시 기록이 남는지는 몰라도 저처럼 첫 경험인데 실패한 경우 실패했는지 성공했는지 알 수가 없습니다. 관련하여 챗봇문의를 하려고 해도 기존 이용기록에 대한 문의만 가능하고 예약 관련 문의항목은 없어 불편합니다.,ios
,카카오 T,ㅂ앙ㅇ,2022-01-04T04:28:01-07:00,1,0,별 하나도 주기 싫어요,얼마 안되는 거리 간다고 택시 아예 안 잡히는거 실홥니까 ㅋㅋ 5번 넘게 거절당하다가 택시서는 곳 몇분 걸려서 가면 택시 대기하고 있고 ㅋㅋ 하 ㅡㅡ 그냥 승차거부하는 기사들은 좀 이 시스템 이용못하게 해주시면 안되나요 짜증나게 콜에는 안 오는데 걸어다니니깐 택시는 오지게 많이 돌아다니네요,ios
,카카오 T,joseph717,2022-01-03T19:19:59-07:00,1,0,니들은 돈벌자격없어 병신같은년들아,일반호출로 부르면 그건 사람새끼 취급안하겠다는거냐? 하루종일 배차만 기다리다가 하루 다 가겠더라? 그리고 왜 예전에는 잘만 잡히던 스팟에서 몇번이고 계속 배차불가가 뜨는건데. 돈맛에 뇌가 절여져서 정신을 못차리나봐. 우티로 갈아탄다 병신같은년들아ㅋㅋ 카택 충성고객들 많으니까 열심히 골수까지 빼먹길 바란다,ios
,카카오 T,djdirncbalfhbdn,2022-01-03T16:58:00-07:00,3,0,특정 기사님 만나지 않기 기능 추가해주세요,"이용하다보면 다시는 만나고싶지않은 기사님들 있습니다  기사님 다시만나기 기능처럼  ""다시 만나지않기"" 기능도 넣어주세요 신고하기 기능보다 한단계 아래인 기능이 필요합니다",ios
,카카오 T,jaeooo,2022-01-02T22:31:05-07:00,1,0,차량 등록 해지하세요,카카오T에 차량이 등록되어 있으면 사전정산도 안되고 주차할인도 안되고 최악이네요 심지어 주차 이용중일때는 해지도 안되요.. 저는 한번 당하고 차량등록 해지하고 회원탈퇴하고 앱 싹 지웠습니다.,ios
,카카오 T,여장부,2022-01-02T20:51:17-07:00,5,0,왜자꾸 먼데서 오는 택시,먼저 잡아주나요 진짜 짜증남,ios
,카카오 T,no kakao,2022-01-02T18:54:27-07:00,1,0,자전거 타는데 2만원이라니,지도 상 화면이 밝으면 서비스 가능 지역이라는데 지도가 잘 나오길래 바이크 이용했더니 2만원 부과;; 상담원 안내 후 지도 축소해보니까 더 밝은 지도가 뜨네요 내가 보고있는 화면이 밝은 지역인지 어두운 지역인지 어떻게 아나요 화면 전체가 어두운 지역이라 비교대상이 없어서 그냥 내가 보고있는 화면이 밝은 지역인줄 알았네요 자전거 한번 타는데 2만원이라니 상식적으로 말이 되는 비용이라고 생각하시나요? 바이크는 커녕 택시고 뭐고 카카오모빌리티는 절대 이용 안 할겁니다,ios
,카카오 T,키미식당,2022-01-02T17:06:10-07:00,1,0,회사택시 이용하고 싶지않아요.,기사님들 프로의식 제로,ios
,카카오 T,didjhfbrkeks,2021-12-31T20:40:07-07:00,1,0,"진짜 최악,,",왜 가까이 있는 택시배차가 안되고 굳이 멀리있는 차가 배차되는지 너무 불편하고 화가나네요,ios
,카카오 T,하은99시각,2021-12-31T17:44:13-07:00,4,0,항상잘쓰고있는데,주변에 택시가 많아도 잘 안잡히거나 근처택시보다 멀리있는택시를 호출하는거만 개선해주셨으면 좋겠습니다,ios
,카카오 T,훈덕망고,2021-12-31T16:35:55-07:00,5,0,지도맵이 안보여요,자주 이용하는데 지도맵이 안되서 카카오T랑 바이크 다 이용못해요. 출발지랑 도착지만 칠 수 있고  지도가 안보이니 어디로 어떻게 오는지 가는지도 안보임 업데이트수정 바랍니다.,ios
,카카오 T,1convertible,2021-12-31T12:28:30-07:00,1,0,제발 아이폰점,아이폰은  기사용앱 출시안하시나요? 뭔가 거래가있으셨나... 갤럭시 기사용 독점아닌가요? 아이폰 출시좀 해주세요,ios
,카카오 T,하이씨아나자,2021-12-31T04:40:03-07:00,5,0,하,아니 안잡힐거면 앱을 만들지 마세요 제발,ios
,카카오 T,ㅡ크ㅡ,2021-12-31T01:41:05-07:00,1,0,이런,네트워크 연결을 자꾸 하라고 뜨는데 되있는데 자꾸떠서 앱이 안되는데 뭐 어떻게하라는거죠,ios
,카카오 T,19;!.8뱌롳,2021-12-30T23:24:12-07:00,1,0,잡혀야 타지,하루종일 돌려봐라 잡히나,ios
,카카오 T,ㅇㅇㅇ아아앙,2021-12-30T20:23:09-07:00,1,0,속초택시기사들 봐라,제발 멀리갈 생각하지말고 택시 카카오택시 하는거 아는데 안오는건 뭐냐? 짜증나게 제발 정신좀 차려라 한두번도 아니고,ios
,카카오 T,노냐노냔냐냐,2021-12-30T17:13:02-07:00,1,0,네비 자꾸 돌아서 감,빠른길 냅두고 돌아가는 길로 감 ㅡㅡ,ios
,카카오 T,세나머니,2021-12-30T02:28:29-07:00,5,0,개발자님 정말 대단하시네요,얼마나 대단하면 리뷰에 답글을 항상 안해주시는지  12분 거리를 가려고 택시를 1시간 잡은게 신기하네요 버스타고 가도 되죠 근데 어떡해요 버스정류장은 있어도 목적지가는 버스가 없는데 정말 바쁜시간이라면 이해 하겠는데 5시 30분부터 안잡히는건 그냥 승차거부 아닐까요?,ios
,카카오 T,hsstar123,2021-12-29T22:21:01-07:00,3,0,이벤트수신알람 꺼도 알람옴,확인좀 ㅠㅠ광고 그만,ios
,카카오 T,nex082,2021-12-29T01:07:08-07:00,1,0,지도가 오락가락,지도창이 회색이면 택시를 어디로 불러요ㅠㅜ 그리고 신촌 차없는거리는 택시 못가는데 내비게이션이 그쪽으로 안내해서 뺑 돌아가요,ios
,카카오 T,정재훈 충남대,2021-12-28T22:18:45-07:00,5,0,쓰레기,쓰렉깉은앱,ios
,카카오 T,K_SENSE,2021-12-28T19:47:12-07:00,4,0,기사님 리뷰쓸때 키보드에가려 글이 안보입니다,리뷰를 쓰려고 하니 키보드가 그위를 덮고 그래서 기억하며 쓰고 있습니다. 오류 수정해주세요,ios
,카카오 T,롤토 버그,2021-12-28T16:47:53-07:00,1,0,한개도 아까운데,서울 시내 한복판에서 죄다15분이상 걸리는 콜만 잡히면 뭣하러 택시탑니까,ios
,카카오 T,츤지,2021-12-28T15:14:06-07:00,1,0,자동결제 2번,택시 타지도 않았는데 자동결제로 또 결제되는 꼬라지는 뭐죠?? 뭔 거지도 아니고 카드등록 해놨다고 남의 돈을 마음대로 쳐 가져가시네 ^^ 자동결제 하지말고 다들 그냥 내릴때 카드결제 하세요. 그리고 자동결제 문의 해도 뭐 하루종일 상담중이라고 연락도 처 안받아요 ^^,ios
,카카오 T,망겜1958482910594,2021-12-28T05:01:22-07:00,1,0,택시기사,카풀 왜 없앤건지 이해가 안되네 지들 굶어죽든 뭐든 내 알빠도 아니고 카풀 없애주고 그랫음 잘 하든가 택시기사들 지들 맘대로 할거면 그냥 운행을 하지 말던가 짜증나게 진짜 ;;,ios
,카카오 T,열받은멍멍이,2021-12-28T04:16:34-07:00,1,0,결제취소,안탔는데 왜 결제하냐고요 에이전트는 연결도 안되고 응대안되면 콜센터남기던가 취소 기능하게 하던가,ios
,카카오 T,7495028,2021-12-28T03:11:35-07:00,1,0,결제오류,자동결제 잔액부족으로 인해서 금액 채우고 다시 결제 눌렀는데 취소된 결제입니다라고 뜨길래 다시 누르니 연속 4번이나 결제되었네요 고객센터에도 결제문의는없고 환불처리는 어떻게 해야하나요,ios
,카카오 T,너오우우우우유,2021-12-27T23:43:26-07:00,5,0,기사님 매너도 뜨게해주세요,별의별 기사님들 다 있습니다 그런분 차는 안탔으면 합니다,ios
,카카오 T,로드문,2021-12-27T23:27:49-07:00,1,0,연락처 입력에서 오류 발생 합니다,연락처입력시 클릭이나 선택이 안되고 화면이 이상 합니다,ios
,카카오 T,어어누어추어ㅓㅇ어토ㅑ덩,2021-12-27T22:05:09-07:00,5,0,별 다섯개 줘야 상단에 뜬다해서,안녕하세요 카카오택시를 출퇴근 포함 1년 이상 꾸준히 이용하고 있는 사용자입니다. 요즘 들어 네비가 직진해서 5분이면 가는거리를 골목길로 오던길을 다시 빙빙 돌아서 15분이상 더 소요됩니다. 오히려 기사님들이 더 민망해하시는데 요금은 요금대로 더 나오고 시간은 시간대로 더 걸려서 곤란한적이 최근들어 매우 잦습니다. 이상한점은 골목으로 우회해서 가는길을 설명해주는 것도 아니고 왔던길을 골목으로 다시 돌아갔다가 오는식으로 설명해주는데 한두번도 아니고 너무 화나서 리뷰 작성합니다. 빨리 개선해주시길 요청드립니다.,ios
,카카오 T,도마토마토,2021-12-27T16:34:04-07:00,1,0,뭐 쓸때마다 로그인해야함?,인증하고 로그인 해야하네.. 진짜 개불편하다..,ios
,카카오 T,검은꼬마,2021-12-27T05:01:10-07:00,1,0,카드등록하지마세요,카드등록하면 취소못하게 워약금 2000원 물거나 기본적으로 블루탹시로 천원 더받아서 추운데 떨게만들고 택시잡는게 더 좋네요,ios
,카카오 T,시리발,2021-12-27T04:32:23-07:00,1,0,기사새끼들,지들 가고싶은데만 쳐갈라하지말고 콜좀 쳐잡아라 택시만 보이면 부숴버리고싶으니깐,ios
,카카오 T,ㄱㅅㅂㄴㄱㄴㄱㆍㅂ,2021-12-26T06:45:46-07:00,1,0,요금이 더지불되네,택시 요금 보고내렸는데 결제는300원더 결제됨 환불도안된다고함 참나웃겨서,ios
,카카오 T,설화요미,2021-12-26T05:08:48-07:00,1,0,카카오블루,콜하면 바로 잡히는 카카오블루 라고 적혀있던데 바로 잡히면 뭐합니까.. 먼거리 택시부터 잡아서 오기까지 오래걸리는데.. 왜 일반택시는 2분거리부터 잡고 블루는 6분거리부터 잡나요 이게 한두번이 아니예요제발 먼거리 택시들이 잡는거좀 어떻게 해주세요.. 취소누르려다 잡혀서 패널티때문에 취소도못하고 그대로 오래기다리다가 택시 타는 의미도없고 돈날린적도 많습니다.. 패널티좀 진짜 어떻게해주세요 어떤날은 기사가 콜받아놓고 까먹고 식당들러서 전화도 안받고 어렵게 잡은 택시인데 취소하면 패널티남고 진짜 짜증났습니다^^,ios
,카카오 T,황남구의버블티,2021-12-26T03:03:01-07:00,1,0,가까운거리는 돈이 안되나봐요...ㅋㅋ,이것도 승차거부라고해야할지...이해는 되는데 너무하네요,ios
,카카오 T,택시기사 머리털,2021-12-25T04:43:05-07:00,1,0,일 ㅈ도 안하네,기사들 개새끼들은 일을 ㅈ도 안하냐 왜 차가 ㅈㄴ 많이있어도 잡지를 않아 시발럼들이 가까운거리는 돈도 안되니깐 일부러 안잡고 십새끼들 나가죽어 그러니깐 너희들이 택시기사나 처 하는거야 바퀴벌래 같은년들아,ios
,카카오 T,ㅅㅈㅅㅈㅅㄹㅎ,2021-12-24T23:52:54-07:00,1,0,콜 안 받으시는가너무 심합니다,그래도 한 20분 이상 걸리는 거리인데 버스도 지하철도 근처에 없고 추워 죽겠으면 택시 타야되는거 아닙니까? 무슨 매주 잡을때마다 택시가 안 잡혀요. 경기도에서 서울 가는건 서울택시 아니면 안 잡는다고 백 번 이해해도 일부러 경기도 안에 역으로 잡아도 택시 안 오는건 무슨 심보입니까? 분명 택시들 창 밖에 보면 지나다니는데요. 추워 뒤지겠어서 우버로 갈아탑니다.,ios
,카카오 T,딸냄둘아빠,2021-12-24T04:54:20-07:00,5,0,휴.~ 안볼까바서 별 다섯개 어쩔수 없이 줌니다!!@@,오늘딸둘이랑 오랜만애손잡 꼬 시내에 놀러나왔어요~ 근대차가 고장나서 카카오티를불렀지요~^^ 하지만우리는번번히 거절을 당했어요 그누구도 우리를받아주지 않터군요... 이래도 돼는겁니까 진짜 화만나네요 믿는도끼에 발등 찍힌다더니....! 실망입니다...............,ios
,카카오 T,하 카텍ㅗ,2021-12-24T02:16:43-07:00,1,0,콜,진짜 제발 콜좀 받아주세요 귀찮다고 넘기시는거같은데  진짜 얼어뒤져요 영하2도인데 40분을 기다렸어요,ios
,카카오 T,몽쉘은몽쉘몽쉘해,2021-12-24T00:29:57-07:00,1,0,영수증 저장이 안됩니다.,어제 낮부터 안되던게 지금까지 안되네요. 일시적인 오류입니다. 이후에 다시 시도해주세요. 라는 알림이 뜨는데 다시 언제 시도하면 되려나요.   이용 기록에서 하나 선택한 후 저장하기 누를 때 오류 알림이 뜨고있어요,ios
,카카오 T,앙뀸따,2021-12-23T22:09:01-07:00,1,0,다른거 쓰세요,카카오택시 많이 보이는데 잡히지도 않고 길에서 잡을라하면 무시하고 지나가는게 몇번째인지 ;; 승차거부에 택시도 안 잡혀서 우티로 갈아탔습니다 ^_^,ios
,카카오 T,김트파,2021-12-23T17:48:43-07:00,1,0,광고가 너무 많아서 불편함,교통앱은 필요할때마다 급하게 켜서 쓰는 경우가 많은데 화면을 가리는 광고가 왜 이렇게 많은지..?,ios
,카카오 T,jgffyb,2021-12-23T15:24:32-07:00,1,0,안잡힘,그냥 쓰지마세요,ios
,카카오 T,히히히티티티,2021-12-23T14:39:02-07:00,1,0,업데이트 후 계속 오류나요,업데이트 후 계속 오류 납니다 자꾸 네트워크 연결이 안됐다고 하네요 그 단계를 넘어서도 또 오류남 일시적인 거라고 메세지 나오는데 아닌거 같아요,ios
,카카오 T,jjmeungs,2021-12-23T13:10:22-07:00,5,0,이거 보는지 안보는지는 모르겠는데,기사님들 다른 운행중에 콜받는거 안되게 해주세요 아니면 호출취소하면 재호출 못하는걸 고쳐주시던지요;; 3분 거리 가려고 택시를 10분을 기다리는건 말도 안된다고 생각해요;; 지하철시간이 아슬아슬해서 택시 탔는데 제 호출 잡고 다른운행 끝나고 오시는 기사님덕에 지하철 놓쳐서 이 겨울에20분을 밖에서 기다리고 회사는 지각하네요 ㅎㅎㅎ 감사합나다 ㅎㅎㅎㅎㅍ,ios
,카카오 T,룡곰,2021-12-22T22:49:32-07:00,1,0,요즘 카택 왜이러나요?,최근 몇번 이용했는데 최소 40분 기다려야 겨우 잡히네요  심했던 경우는 홍대에서 1시간 반동안 안잡혀서 포기하고 줄서서 겨우 탔구요ㅠㅠ 택시 기사님들 말로는 요즘 서울택시 경기도로 돌리거나 왠만한 장거리 아니면 안받는다던데ㅠㅠ.. 대놓고 승차거부하는건가 싶네요ㅠㅠ,ios
,카카오 T,넹마,2021-12-22T19:10:00-07:00,1,0,광고진짜,바빠서 앱 켰는데 직접 꺼야되는 팝업 광고가 첫 페이지에 나오는거 진짜 경우없음ㅋㅋㅋ,ios
,카카오 T,신명나게재미없다,2021-12-22T16:59:28-07:00,1,0,진짜 쓰레기,택시타는 이유는 버스 놓치거나 일터에 지각하지 않기 위해서 잡는건데 무슨 블루는 자동결제만 되게 만들어놓고 일반결제는 기사들이 절대 안잡음ㅋㅋ최소 15분은 계속 잡아봐야 잡을까 말까임 가까운거리는 더더욱 안잡고 드디어 잡혔다 싶으면 5분 넘게 걸리는 기사들이 잡아서 오고 개선좀 해줬으면 좋겠음;;,ios
,카카오 T,지요느,2021-12-22T15:40:08-07:00,1,0,이런 문제좀 개선하셔야할듯,카카오 콜 말고도 카카오택시 탈때잇는데 일부 택시 기사님들도 운전실력이 필요하다 생각됩니다 .. 늦은 나이에 도로 판단 힘드시고 실력이 부족한 분들이 일부 계시다 생각됩니다. 카카오 이름을 그냥 내어주시지 마시고 어느정도 실력 검증된분들을 좀 가려주셧으면 좋겟네요… 고객입장에선 몇만원 돈주고 타면서도 사고날까봐 불안해요… 그리고 어플사용 기사님들 숙지 제대로 할수있게 교육좀 시켜주시고 어플 이상하다는 한탄을 승객이 왜 들어야하는지 모르겟어요. 그리고 탑승후 취소 버튼이 없는데 좀 만들어주세요. 왠만하면 거의 불만 안하는데 좀 화가나네요…,ios
,카카오 T,싹 가,2021-12-22T14:37:56-07:00,5,0,진심 화남용ㅎ,아니 빠르게 가려고 택시타지 4분거리 5분거리 기다려가면서 택시타려고 타나요? 가까운 기사님들이 항 수 있게 좀 해주세요 ㅈㅂ,ios
,카카오 T,Roookt,2021-12-22T04:20:45-07:00,1,0,택시 개안잡힘,걍 다른앱 사용하셈 ㄹㅇ ㅋㅋㅋ 진심 ㅋㅋㅋ,ios
,카카오 T,jjungso,2021-12-22T03:34:59-07:00,1,0,길안내,아니 무슨 국도로 갈수있는거리를 고속도로로 뺑 돌아가게 알려주는건 뭐죠?? 사람들이 많이 이용하는데 이러면 불안해서 탈까요?? 가는길 신경 써서 안봤으면 시간은 시간대로 요금은 요금대로 2배씩 나올뻔 했네요,ios
,카카오 T,스타베어,2021-12-22T00:02:34-07:00,1,0,욕 먹음,아니 호출 취소 눌렀는데 안돼서 욕 먹음;; ㅈ같은거 고쳐라 ㅅ..ㅂ,ios
,카카오 T,J_tothe_K,2021-12-21T22:06:10-07:00,1,0,필요할때 바로 연결되는 고객지원센터가 없네요.,주차장에서 출차시 문제가생겨 고객센터와 연락해야하는데 어렵게 전화연걸된 운전자에게 챗봇으로 신고하라니 어이가없었습니다.  주차와 차량운행 관련 서비스인데 대 고객 서비스가 불편을줍니다.,ios
,카카오 T,쓥슙이,2021-12-21T20:53:26-07:00,1,0,카카오 퀵 쓸바에 인터넷에 검색해서 퀵회사 쓰세요,퀵 이용 몇 번 했는데 개구림 개선 좀 하거나 하지를 마세요  짜증나게  주소를 말해도 제대로 찾지도 못하고  중간에 갑자기 안된다 그러고,ios
,카카오 T,만족못하는고객,2021-12-21T19:20:14-07:00,1,0,.,그냥 ㅈ같음 이어플 다운받지마셈,ios
,카카오 T,야호바,2021-12-21T18:59:30-07:00,1,0,아닠ㅋㅋㅋ,아니 위치를 이상한데ㅏ잡아오ㅠ 하 ..,ios
,카카오 T,ㅗㅗㅗㅗㅗ^ㅗ^,2021-12-21T16:56:42-07:00,1,0,;,출근길에 길 못찾겠다며 다른 택시 호출하라는 기사..ㅂㄷ 5분제한 때문에 그냥 다른 택시 탔네요; 기사 배치 똑바로 해주세요,ios
,카카오 T,점후,2021-12-21T10:27:37-07:00,1,0,책임떠넘기기 갑 최악의 앱,"기사들 리뷰에는 최적의 경로 칭찬버튼이 있는데 정작 앱은 최적의 경로를 못찾는 카카오택시앱, 기사님들이 알아서 최적의 경로를 찾아서 가셔야 한다는 건가요? 동네 길 모르는 분들도 이 앱 덕분에^^ 먼곳도 큐 잡아서 오시는데 그러려면 정확한 안내가 필요한데 주소에 배달앱처럼 상세주소 입력이 필요하다고 봅니다.. 급한상황에 택시타려고 부르는데 핑 찍은곳이 현재 위치랑 다른데다 차가 들어오기 힘든곳이라 서서 몇분동안이나 핑을 찍었는지 모르겠네요 앱이 잘못잡은 돌아오는길로 더 비싸게 부르고 동네 길 잘 모르는분이어서 그거 따라오시느라 진땀빼고 계셔서 결국 전화로 다시 연락드렸습니다. 이럴거면 처음부터 콜택시 부르는게 나았겠어요~  상세주소입력 하게해주세요",ios
,카카오 T,K2-car,2021-12-21T04:28:48-07:00,2,0,카카오바이크,아이폰인데 바이크 위치가 왜케 늦게 떠올라요?! 첨에 몇대 없는줄 알고 그먕 넘어갈뻔 했어요~ 내 폰이 느린줄 ㅠ,ios
,카카오 T,터토뉴큐,2021-12-20T03:59:57-07:00,1,0,일시적 오류,이거 2년째 계속 들어갈따마다 일시적 오류라고 떠서 사용을 못하고 있는데 왜이러는건가여..,ios
,카카오 T,Zhujing99,2021-12-19T22:21:59-07:00,1,0,오류오류오류,계속 네트워크 안된다고 뜨고 오류…. 계속 ㅜㅜ 그동안 계속 카카오택시만 이용 했는데 이제 갈아타야겠어요 ㅜ,ios
,카카오 T,Sgrljw,2021-12-19T16:24:28-07:00,3,0,KT M 모바일 관련 문제,KT M 모바일 통신사와 아이폰 7 사용하는데 와이파이가 아닌 데이터를 사용하여 애플리케이션 사용이 불가능 합니다 인터넷 관련 문제인 것으로 생각하는데 검토 부탁드립니다,ios
,카카오 T,경로좀잘찾아랐,2021-12-19T16:18:19-07:00,1,0,네비 쓰레기,왜렇게 돌아감? 일부로 최단거리로 안 가네 장난하나,ios
,카카오 T,위치 관련 문의,2021-12-19T15:54:46-07:00,5,0,카카오 택시기사맵,길안내를 이따구로 하게 잘도 만들어놨네요 바로 옆에 지하차도있는데 기사한테 10분돌아가는길 안내해서 택시비랑 시간 더걸리고 감사합니다 기사는 안내하는길로밖에 갈수없다고하는데 할말도없고 그러면 길을 이따구로 안내하는 앱이 문제겠죠 네비가 길을 모르면 그게 제 역할을 하는거겁니까?,ios
,카카오 T,유나배,2021-12-19T15:27:26-07:00,5,0,거지같음.카카오 일좀 해,"택시기사 파업했다가 회사랑 딜을 본 모양인데, 급해서 택시타는 사람들인겁니다. 목적지가 가깝다는 이유로 그 누구도 잡지 않는 사태가 빈번하게 발생하고 있어요. 이러면 누가 택시 이용해요?  40분이 넘게 택시가 안잡히고 카카오블루로 추가결제 해도 안잡혀요. 가까이 가는 사람은 택시 타지도 말라는거죠 이거? 기사에게 갑질논란 있어서 딜 본게 결국 소비자에게 돌아오는 갑질이네요. 택시 기사님들도 먹고 사는 문제라 이해는 합니다만 불편한게 한둘이 아닌 요즘이라 택시타야 될 일이 생기면 짜증부터 납니다. 카카오 일좀 똑바로 하세요. 이런걸로 운영한다 자부하시면 큰일납니다 이건 운영이 아니고 갑질이거든요.",ios
,카카오 T,나여ㅕ,2021-12-19T13:28:11-07:00,1,0,사운드 조절 좀 제발,택시 안잡히는 건 그렇다 치고 이어폰 끼면 소리가 최대로 들려서 미치겠어요. 어플엔 사운드 조절 기능도 없고 아이폰 자체 앱 설정에서 사운드 오프해도 안먹습니다. 제발 사운드 조절이나 온오프 좀 추가해 주세요 어려운도 아니잖아요..,ios
,카카오 T,좀 잡히게해줘요,2021-12-19T01:19:45-07:00,1,0,요즘 왜이렇게 안잡힘?,진짜 한두번이아니라 밤시간대 고양시 택시가 없음 맨날 호출가능한 택시가없다는데 배차율 왜이렇게 저조한거죠 망해가나,ios
,카카오 T,길벗,2021-12-18T18:57:27-07:00,1,0,승차거부,도착지역이 처음부터 오픈되는거기 때문에 늦은시간에 외곽지역 예약하면 절대 안잡힙니다. 같은 시간에 시내쪽 잡은 지인들은 다 예약이 잡히는데도 지역이 조금만 외곽이면 잘대 안잡히는 이 시스템이 선택적 승차거부와 뭐가 다른가요,ios
,카카오 T,화나 죽어버릴 지도,2021-12-18T18:45:44-07:00,1,0,택시가 안잡히는건 무슨 경우임 ㅎ,택시 진짜 안잡혀요 급할 때 타는 게 택시인데 잡혀도 멀리 있어서 기사가 전화로 취소하라고 하고 카카오바이크도 없고 막 있는 곳에만 몰려 있고 진짜 이것 좀 개선 해주세요 제 주변에도 택시 안 잡힌다고 불만하는 사람 많으니까 진짜 화나서 쓰기 싫어요~~^^;,ios
,카카오 T,찌요찌유늬,2021-12-18T14:13:53-07:00,1,0,오류,아니 오류 왜케 자주 발생해요 진짜 출근하면서 출발지점 지정안되고 한두번도 아니고 바빠죽겠데 이런절이 한두번이 아닙니다. 개선좀 해주세요,ios
,카카오 T,719474,2021-12-18T07:21:21-07:00,1,0,카카오 택시 승차 거부,좀 심각한 문제네요 2분 거리가 아닌 20분 거리도 안 받으시고 10번 시도 했는데 다 수락을 안하면 어쩌자는거죠ㅋㅋ 카카오 택시 없을때가 택시 더 잘 잡혔네요 진짜 뭐하자는건지,ios
,카카오 T,정말로왜그럴까요,2021-12-17T19:15:10-07:00,2,0,예상 요금이랑 실제 요금 차이,예상 요금이랑 실제 주행 요금 차이 왜이렇게 많이 나나요? 예상요금 일부러 낮춰서 보여주시는 건가요? 합리적인 가격이다 싶어서 택시부르면 매번 배로 가격나오네요..,ios
,카카오 T,ssy430,2021-12-17T18:43:17-07:00,1,0,네비 엉망이네요,평소 항상 가던길이었는데 갑자기 길을 이상하게 안내하고 빙빙돌리고 정말 짜증나네요 길 얘기하기 싫어서 카카오택시 타는건데 잘못 안내하는지 네비 계속 주시해야되고  왜이렇게 된거죠?,ios
,카카오 T,진짜 너무 안좋아요,2021-12-17T07:55:45-07:00,5,0,발가ㅊ락이 안 움직여요,추워 죽게5/는데 옆이 있는 가람은 잘만 타거 가는디 나만 안 잡혀서 이 날씨에 바4에서 울마나 기다렀는ㄷ지 지음 손 ㄴ얼어서  타자도 제대로 목 치고잏아요 이무튼 잘 잡히게 해주세여..ㅜㅜ,ios
,카카오 T,shine5774,2021-12-17T07:42:48-07:00,1,0,카드 오류 ㅎㅎ 삭제하고싶네요,연동을해서 카드를 결제하게 했으면 결제를 되게 하든가 아무것도 안되게 하면 ㅎㅎ 쓰지 말라는건지 ㅎㅎ 그냥 업데이트 좀 하시죠 제발,ios
,카카오 T,irishka90,2021-12-17T02:36:55-07:00,1,0,콜을 받지 안 반지 기사님 자유인데 왜 콜 신청 아에 못 하게 하세요?,콜을 받지 안 반지 기사님 자유인데 왜 콜 신청 아에 못 하게 하세요? 오늘 6시에 신사에서 신논현역쪽으로 택시 불려고 했는데 짧은 거리라 콜신청 아에 안 되더라고요. 병원에서 아픈 사람을 집으로 보내는데 이런 추운 날씨에 40분이나 개고생했어요. 결국 직원이 다른 앱통해서 택시 바로 잡혔는데그앱은 이제 카카오택시 잘 돼서 서비스종료예정이네요. 콜 아에 못 하게 하면 안 되잖아요!  그리고 폼 두게 쓰고 있는데 하나는 카드 등록 돼 있고 하나는 카드 등록 안 돼 있어요. 동시에 택시 부르면 카드 등록 안 된 폰 에 블루 택시 옵션이 있는데 카드 등록 있는 폰에 블루는 없고 블랙 택시 밖에 없어요. 그리고 지난 며칠 동안 카드등록이 안 돼 있으면  택시 잘 안 잡히네요.,ios
,카카오 T,상담원연결좀,2021-12-17T02:24:12-07:00,1,0,정말 짜증나게 하네요 무슨 상담원 연결 다음날에 해드릴껀가요?,지금당장 조치가 필요해서 상담원을 연결하는건데 20분이 넘게 걸리면 무슨 어쩌라는건가요? 전화연결도 없고 (전화연결이 없는게 말이 되나요?)챗봇으로는 한계가 있죠 그래서 상담원 채팅연결을 하려는데 모든 상담원이 상담중이라 뜨네요 다들 20분동안 상담을 하나요? 참 택시앱에서 무슨내용으로 그렇게까지 상담을 하는지 정말 궁금하네요 평소에 사용할때 배차때문에 불편했었지만 참고 사용했었는데 이번은 완전히 최악이네요 상담원 연결에 조치를 취하시던가 제가 사용을 안하던가 둘중 하나네요,ios
,카카오 T,카카오택시손절함,2021-12-17T02:23:15-07:00,1,0,0점도 아까움,다신 이용안함 ㅂ,ios
,카카오 T,쥬연쓰,2021-12-17T02:11:47-07:00,1,0,앱 오류,아이폰 12 pro   앱 출발지:학동 / 도착지: 강남으로  설정 했는데 경고 알럿 노출됩니다. 경고 알럿 내용: 주변에 택시가 없거나 출발지  혹은 도착지~~ 이렇게 뜹니다.  빠른 조치 해주세요.,ios
,카카오 T,날로그,2021-12-17T02:03:48-07:00,1,0,12/17 전주지역 오ㅐ 안돼요?,택시 집으려고 하면 없는 경로라고 떠요 늦었는데 이것땜에 한시간 더 늦음,ios
,카카오 T,가미조아,2021-12-17T02:03:43-07:00,1,0,왜 안되죠?,갑자기 오늘부터 안되네요. 경로를 무조건 찾을수 없다네요,ios
,카카오 T,카카오티으휴,2021-12-17T01:58:26-07:00,2,0,급하게 카카오택시 쓰는데 자기 멋대로 출발지잡히고,급하게 택시 잡는데 출발지 도착지 다해도 택시 선택하는 화면에서 금액안뜨고 계속 다시설정하라고 튕겨요 업데이트 때문인가 해서 업데이트도 했는데 계속 이러네요,ios
,카카오 T,제바류 도와주세요..,2021-12-17T01:55:27-07:00,1,0,돈많이 벌면 관리좀 제발~~,수수료도 많이 떼이는거 알고  돈많이 벌고 그러는거 다 아는데 서비스는 좀 제대로 만듭시다  오류좀 제발요,ios
,카카오 T,불편하다 ㄹㅇ,2021-12-17T01:53:39-07:00,5,0,2021.12.17 현재 출발지 설정오류,출발지 설정 했는데 계속 설정하라고 오류 뜨네요 시급합니다ㅠㅠ 해결 부탁 드립니다!,ios
,카카오 T,프렌즈마블삭제한다,2021-12-17T01:46:25-07:00,1,0,진짜 역대급앱이다,와 무슨 업데이트하더니 목적시설절 안맞다고 장난하는것도아니도 출발도착 제대로 설절했는데 진짜 역대급앱이다,ios
,카카오 T,시뜽,2021-12-17T01:41:54-07:00,1,0,제발 어플 똑바로 만드셈 제발,가장 바쁘고 가장 타야할때 20분을 오류때문에 못잡아서 ut 로 잡음;;;;;;;;;; 이상한것만 어플에 쓰잘때기없이 추가시키지말고 기본 오류나 처리하고 사명감 갖고 어플만드세요 똑바로 제발 좀,ios
,카카오 T,음ㅋ흠ㅋ,2021-12-17T01:41:50-07:00,1,0,장난하세요?,출발지와 도착지를 재설정 해달라는 오류가 몇번이나 떠서 택시 호출 못함,ios
,카카오 T,LedZeppelin3,2021-12-17T01:40:46-07:00,1,0,지도 먹통에 내위치를 잡지도 못하네요.,지도먹통하고 GPS 개선 좀 부탁드려요 제발요,ios
,카카오 T,모모R,2021-12-17T01:35:39-07:00,1,0,진짜 많이 이용하는데,오류가 나는게 말이되나요 똑바로 좀 하세요,ios
,카카오 T,형부도리필이되나요,2021-12-17T01:15:26-07:00,1,0,진짜 독점 막아야함,네비지도 절대 수정안하고 일부러 먼거리 택시 제공. 업데이트 하고부터는 경로를 알 수 없는 거리는 또 뭔데 대체,ios
,카카오 T,맨즈z,2021-12-17T00:50:05-07:00,2,0,서울에서 인천까지 예약서비스가 안되네요,일부지역에서만 예약서비스된다뜨는데 다른지역도 아니고 좀 아쉽네요,ios
,카카오 T,노먀조보좆,2021-12-17T00:47:54-07:00,1,0,아니 카카오택시 정신안차림 ?,오류계속뜨고 기사님들 멀리있다고 취소 ㅈㄴ누르고 계속 오류떠서 약속시간에 계속 늦는데 블루호출눌르면 잡히고 일반은 잡히지도않고 무슨 시스템임 이거 ;,ios
,카카오 T,후흐헣,2021-12-17T00:31:15-07:00,1,0,추워죽겠는데,추워죽겠는데 자꾸 출발지랑 도착지를 재설정하라고 하네요 결국 못 탔어요,ios
,카카오 T,쿠유우유우,2021-12-16T19:00:12-07:00,1,0,거리 최악,ㅋㅋㅋ이거안씀 거리 무슨 뺑뺑돌아가고 요금폭탄^^ 여러분 걍 UT쓰세요 이거 거리 핵 돌아가요,ios
,카카오 T,영직쑹딕,2021-12-16T16:20:05-07:00,1,0,진짜 왜이래 카택?,"용인같은 시골은 뭐 택시도 못타게해놨네? 10분거리면 걍 오지도 않음 ㅎㅎ 택시만 30분째 손에 붙들고 잡고 수십번을 불러도 절대 단 한대도 안옴 거리랑 가격대 보고 골라서 잡아주는 기사들이나, 아무런 제재나 시스템정립 안된 카택이나 둘다 빡친다 이제 절대안쓸거임 티머니택시나 그냥 콜센터로 부르는게 정신건강에 이로울듯",ios
,카카오 T,쿠로텐시,2021-12-16T08:01:56-07:00,1,0,호출,옆에 빈차가있는데 배차가 안되냐고요? 이게 무슨 알고리즘이에요.,ios
,카카오 T,35447,2021-12-16T05:51:55-07:00,1,0,목적지 확인 안함,다른손놈 태우고 내카드로 자동결제까지함 자동결제 개 쓰레기 임  나는 밖에서 떨고 택시는 다른 손놈 태우고 신나게 가고 빠르게 대처도 안되고 신용정보를 갖다가 쓰면 확실하게 해야지 블루로 부르면 뭐합니까 뭐가 달라 뭐가,ios
,카카오 T,카카오택시매일쓰는사람,2021-12-16T01:55:13-07:00,1,0,기사가 콜 잡아놓고 괜히 잡았다고 하면 어쩌란건가,케이스1. 기사가 콜 잡고 와서 자기 집에 가는데 잘못 콜 잡았다고 신세한탄. 뭐 어쩌란건가 케이스2. 기사가 콜 잡고 나보고 취소해달라고... 길 막힌다고... 5분 기다린 나는 취소수수료 떼이면서 취소해줄 수 밖에. 지금도 10분째 기다리는 중. 케이스3. 기사가 탑승위치를 잘못와서 다른택시 탔더니 나한테 전화와서 욕함....기사가 본인이 편한 위치로 탑승위치를 막무가내로 잡는다. 어쨋든 욕도 먹고 취소수수료도 내가 낸다. 제발 취소수수료좀 어떻게 해 봅시다,ios
,카카오 T,1ㄱㄱ(앞에보였으면),2021-12-15T16:51:08-07:00,5,0,기사님들 결제취소 후 펌핑 재결제,"후, 상담사님도 기계적 대답만 해서 여기 적어요  평소 틈틈히 잘 이용하는 유저입니다, 일단 전 자동결제를 해놓은 상태입니다. 보통 타고 난 후 결제 내역은 잘 확인 하지 않았었구요 근데 최근 카드 내역을 좀 확인 할 일이 있어 보니 제가 내릴때 결제 한 후, 바로 결제 취소 하시고 100부터 300원 까지 펌핑해서 재 결제 하시네요? 한 본이면 그려려미 넘어가려 했습니다. 약 한 달간 다른 기사분이 3번이나 이러면 일부러 악용하시는 거죠?? 기사님들 적당히 지킬건 지켜 주셔야죠. (모든 기사님이 다 그럴거라고 생각하진 않습니다.) 그리고 고객센터나 큰 기업이라면 이런 결제 관련 일은 빠르게 체크 하시거나 대안에 대한 플랜은 가지고 계셔야 하는거 아닌가요. 고객 센터로 얻은 정보는 자동결제 안쓰는게 그런 사고가 나는걸 예방 가능하다 라는 의미가 담긴 답변이네요. 편리하게 사용하라는 시스템을 만들어놓고 이런 대안을 내놓는게 참 ..   보시는 분들도 일이백원 추가 결제 된게 뭐라고 이렇게 생각 하실 수 도 있어요  여기서 제가 말씀 드리고 싶은건 기존 결제건을 취소하고  다시 돈을 올려 그냥 재결제 한게 그리 유쾌한 상황이 아니라는 겁니다.  음식점도 이러진 않아요.",ios
,카카오 T,ㅣㅐ어,2021-12-15T06:01:14-07:00,1,0,반성해라 카카오,카카오 들어서면서 일반적으로 부르던 택시 대리 전부 안잡힌다 카카오로 요금인상 오지게 해야 전에 이용하던 요금 두배정도 지불하고 이용가능해졌다 니들이 모든걸 파괴시켯다.  니들을 사용 안하자니 콜자체가 안잡히고 사용하자니 눈까리 양쪽다 시퍼렇게 물들어서 집에온다 덕분에 깊은 한숨쉬며 잠을 청한다,ios
,카카오 T,잉으44292,2021-12-15T01:56:50-07:00,5,0,목적지는 받으면 알 수 있게 되었으면 좋겠어요,기사님들 가까운거리는 안가시고 골목골목 숨어계시다 멀리 돈 많이 받는 콜 뜨면 재빨리 누르신다고 오늘 탄 택시기사님께서 알려주시네요  항상 느끼는 거지만 이건 개선이 되어야 할 문제라고 생각합니다,ios
,카카오 T,반박시네다음일베충,2021-12-14T19:53:41-07:00,5,0,진짜진짜 너무너무 좋습니다!!!!!!,진짜 카카오택시 덕분에 알바 몇번 늦을뻔한거 한번도 늦은적 없고 택시도 되게 쾌적하고 좋습니당 ㅠ 요즘 바쁠때 너무너무 잘 애용하고 있어요 ㅎㅎ,ios
,카카오 T,khme1012,2021-12-14T17:28:00-07:00,1,1,제발 길좀..,기사님들한테 화를낼수도없고 네비 길 좀 잘해주세요 골목을 못찾으시는데 그리고 오분이상 걸리는 기사님 안잡히게해주세요 늦었는데 팔분은 쫌 ㅠ,ios
,카카오 T,엿쳐먹,2021-12-14T15:38:43-07:00,1,0,택시아저씨 소리지름ㅋㅋㅋ,타자마자 왜케 늦게타냐고 소리지름 ㅋㅋㅋㅋㅋㅋ 정차하고 10초 ? 뒤에 탔는데 ㅋㅋㅋㅋㅋㅋ  그것도 내가 뛰어가서 탔음 ㅋㅋㅋㅋㅋㅋㅋ 별 이상한 ㅁ1친아저씨들 많네 뺨아리 울릴려다가 말았음,ios
,카카오 T,Mukyang,2021-12-13T21:20:05-07:00,2,0,아니 택시 잡으려니 지도 먹통이네,지도 먹통 대단하네,ios
,카카오 T,불친절한 진입장벽,2021-12-13T16:41:45-07:00,1,0,넌더리가 납니다,배차 안잡히는건 기본이고 악의적 우회경로에 지 멋대로 운행하면서 막힌다고 욕설하고 앱 관리나 기사 관리나 다 개판.... 귀찮아서 그냥 이용하고 있었는데 이제 확실히 손절해야.....,ios
,카카오 T,옌니야,2021-12-13T16:33:35-07:00,1,1,엉터리,진짜 여태 계속 이용하는데도 항상 택시 부를때 위치 제대로 찍고 불러도 지맘대로 건너편으로 가있어서 기사님이랑 소통도 안돼고 기사님들은 강제 콜이라고 취소하는거 허다하고 서로 취소 하면 또 저는 바로 콜 잡지도 못하고 ㅋㅋㅋㅋ 차타고 다니라고 하는건지 ㅠㅠ 돈쓰겠다고 하는데 자꾸 절약시켜주네용^^ 하 속터져 진짜 그리고 뭔놈의 자동결제는 돈을 아주 ㅋㅋ,ios
,카카오 T,10대 사용자,2021-12-13T15:43:47-07:00,1,1,카카오택시 어플 이렇게까지 별로일 줄 몰랐네요.,사실 별 하나 주기도 아깝습니다.,ios
,카카오 T,eldlalsl,2021-12-13T15:41:18-07:00,1,0,택시기사 서비스 최악 어플 최악 그냥 다 최악,별점 1점도 아까워요;;;; 블루는 콜이 잡히는데 블루아니면 30분넘게 기다려도 잡히지도 않고 블루도 콜 겨우 잡으면 뭐하나요?;;;;오는데만 15분 넘게 걸리고;; 바쁘고 늦어서 택시 이용하는건데 택시 기다려서 타고 가는 시간이면 뛰어가는게 더 빠르겠어요^^;; 택시 이용이 많은 시간대도 아닌데 매번 왜 그런거죠??;;; 그래도 짜증나도 투덜거리면서 타고 다녔었는데 한두번이 아니니까 이제는 못참겠어서 리뷰쓰고 지울려고합니다;; 저같은 분들 많은것 같던데 리뷰보고 개선할 생각은 없으신지?? 이용할때마다 분노게이지 엄청 오르는데 이때까지 참고 어떻게 이용한지 참 신기할 정도입니다^^^;;;;; 에효,ios
,카카오 T,knl@@,2021-12-13T14:57:42-07:00,1,0,대리,대리기사님 차선 반틈 물고대서 전화했더니 어리다고 어쩌라는거냐는 식으로 욕하시네요 고객센터 전화하니까 기존 대리운전 전화번호보다 늦게받고 대응도 기계적이라 다시는 카카오대리 안부르려고 합니다 사용자들이 금액 비싼데 카카오로 대리부르는이유 안전하고 편하게 가려는 마음 아닌가요?  이럴거면 그냥 다른곳에서 저렴하게 가는게 낫겠네요,ios
,카카오 T,게임 왜 만드냐 걍 알바하지,2021-12-13T01:13:50-07:00,4,0,관계자님,전 탑승객 내리기 전에 콜 받는거 없애주세요 너무 멀리 가시거나 시간이 더 걸립니다,ios
,카카오 T,B with Ryan,2021-12-12T21:01:53-07:00,1,0,블루고 블랙이고 안쓰는데 기본 일반 택시로 고정 좀,매번 일반으로 바꾸기도 귀찮고 바쁠땐 체크 못할 때가 수두룩.. 엄한 돈 빠져나가서 짜증남,ios
,카카오 T,onelyrics,2021-12-12T18:33:17-07:00,5,0,기차랑 항공 편리합니다,앱 하나로 모두 예약할수 있어서 좋습니다 SRT도 얼른 가능해지면 좋겠네요,ios
,카카오 T,김쌍순,2021-12-12T16:01:16-07:00,5,0,진짜 짜증나요 ㅋㅋ 다른 택시 어플로 갈아타세요,돈이랑 시간 더 많이 드는 네비로 가네요 ㅋㅋㅋ 늘 매번요 발전 없어요.  기사님들은 네비보고 가시니까 네비가 좀 제대로 되어야 하는거 아닌가요? 돈 더 많이 받으시려고 이러는 건가싶네요  다른 택시 어플로 잡다가 도저히 안 잡히면 울며 겨자먹기로 이용중인데 이용할때마다 짜증 안 난 적이 없어요,ios
,카카오 T,블루 맞냐,2021-12-12T03:34:31-07:00,5,1,블루,블루 택시 잡았더니 주변에 블루 없어서 주변 차량 잡아놓곤 블루비는 왜 받으시는거에요? 기사님이 문제가 아니라 카카오 회사에서 운영하는거면서 이런 식으로 장사해도 되나염 ㅋㅋ,ios
,카카오 T,ㄴㄴㄴㅌㅋ,2021-12-12T03:00:41-07:00,3,1,잘못 잡으셨으면 먼저 취소해주세요 제발..,목적지와 출발지를 잘못보시고 목적지가 출발지인줄 알았다고 취소해달라고 전화오는데 고객이 취소하면 10분뒤에 다시 잡아야해요 기사님이 잘못잡으신걸 고객보고 취소하라고 하면 어떡합니까? 한두번도 아니고 잡을 때 마다 이러니 숙지좀..,ios
,카카오 T,ㅊ옾ㅅㄴ,2021-12-11T20:18:12-07:00,1,1,배차문제,매번 5분 이상 걸리는 거리에 택시기사가 배정되는데 급해서 타는 택시를 기다리다가 빈차 보낸적이 한두번이 아닙니다 취소하면 취소했다고 제한걸리니 이러지도 저러지도 못하구요 그리고 방향도 반대편 방향으로 가는 택시가 잡힐때도 많은데 그럼 유턴기다리느라 더 오래 걸리고 건너가서 타면 돌아가고 진짜 어쩌자는건지 모르겠네요,ios
,카카오 T,아아아더ㅜ넌,2021-12-11T01:38:54-07:00,1,0,택시안잡혀요,기사아저씨가 목적지를 가려받아서 택시가 너무 안잡혀요 예전엔 이정도 아니엿고 많아도 5분정도 기다리면 다 잡혔는데 이젠 10분을 기다랴도 안잡히네요,ios
,카카오 T,태평리,2021-12-11T01:02:14-07:00,1,0,택시기사들 거리 짧다고 호출 수락도 안합니다,다들 정류장에 대기하면서 호출 누르면 짧은 거리면 절대 수락 받지 않고 먼거리만 수락 누룹니다,ios
,카카오 T,ㄴㄴ어렁,2021-12-10T08:01:38-07:00,1,0,오늘부로 쓰레기같은 카카오택시 안씁니다,호출하고 10분 기다리니까 지나쳐가고 어플보니까 탑승중이라고 떠서 전화해보니까 기사는 무슨 오류라고 하고있고;; 그냥 이제 답답해서 안쓸랍니다 그리고 수수료는 맨날 부를때마다 1500원~2500원인데ㅋㅋㅋㅋㅋ 곧 중국에 넘어가려고 돈에 환장한건가,ios
,카카오 T,Hellsguy,2021-12-10T05:29:25-07:00,1,0,자동으로 한참 돌아가는길로 안내하는건지…,"예전에도 짧은길 두고 요금많이 나오는 한참 돌아가는 길로 안내가 되서 택시를 이용 안하다가 오랜만에 한번 사용했는데… 역시나… 한참 돌아서 가게 안내. 거기다 길도 엄청 막히는 길로.. 벌써 도착했을 시간에. 시간 손해,금전 손해. 이제 다시는 카카오T로는 택시 안 부를겁니다.",ios
,카카오 T,뻐큐쳐먹어,2021-12-10T02:20:25-07:00,1,0,ㅂㅅ,걍 절대 안잡힘 ㅈ같은거 삭제한다,ios
,카카오 T,엉덩이 두쩍,2021-12-10T01:27:59-07:00,1,0,택시가 안잡혀요ㅋㅋㅋ,아니 택시를 몇십분을 잡고있는데 한번도 수락이 안오고 심지어 큰도로에 있었는데ㅋㅋㅋㅋㅋ아니 이건 너무하잖음 주변에 빈차 많은데 나만 안태워줌,ios
,카카오 T,dmse1,2021-12-09T23:55:41-07:00,1,0,배차 거리쫌,제발 멀리있는 기사님쫌 안잡히게해주시면 안되나요 빨리갈려고 택시타는건데 항상 멀리있는 기사님들만 잡히니까 택시 기다리다가 더 늦겠네요 진짜 ㅋㅋ 계속 먼거리에있는 택시만 잡혀서 취소하니까 취소많이했다고 택시 못잡고 ㅋㅋㅋ 아진짜 택시타는게 의미가없네 ;,ios
,카카오 T,뭐하잖거임,2021-12-09T23:12:32-07:00,1,0,카카오맵....,네비가 너무 안좋은것 같습니다 해결방법은 없으신가요.?,ios
,카카오 T,destroy98,2021-12-09T22:01:46-07:00,1,0,불친절,기사들 와이리 불친절하노,ios
,카카오 T,Hbhahsml,2021-12-09T16:31:56-07:00,1,0,사고 났을 때 카카오택시의 대처법,블루라고 2500원 더 받더니 중간에 사고가 났는데 미터기 켜놓고 승객은 꿔다놓은 보릿자루처럼 두고 사고처리함. 출근 시간이라 기다리다못해 내려서 갔더니 몇미터 가지도 못했는데 그 대기시간까지 주행으로 한 요금 전부 나에게 부과. 카카오택시측에 문의했더니 요금도 카카오로 전부 결제했는데도 기사 탓 말고는 돈 관련해선 자기들이 할 수 있는 게 없다고. 나보고 시청 가서 부당요금청구로 행정처분 받아오라고 함. 참고하시길.,ios
,카카오 T,티로디,2021-12-09T05:16:57-07:00,2,0,오류 심각하네요..,카카오 바이크 이용할려고 하는데 기기고장으로 잠금장치도 안풀렸는데 요금만 나와서 1500원 환불조치 해주면 감사합니다,ios
,카카오 T,ㅂㅂㅇㅇㄴㅅㅇ,2021-12-08T17:11:40-07:00,1,0,"어플참,,",유선고객센터도없고 추가요금결제건으로 말해도 ai가 답하는거 같던대 카카오 돈좀쓰세요;;..기분 드럽네요,ios
,카카오 T,djkesw,2021-12-08T16:48:30-07:00,5,0,반대편으로 오는분 기사님 ㅠ,제가 핀 찍으면 그 반대편으로 오셔서 저한테 뭐라 하시는 기사님들이 꽤 계시더라구요 어떤 기사님은 이게 왜 이러는지 자기도 잘 모르겠다고 하세요  돌아오는거 기다리는것도 한두번이지 이것좀 어떻게 해주세요,ios
,카카오 T,Wz379,2021-12-08T15:04:58-07:00,1,0,바빠서 지각할까봐 이용하는 게 택시인데 어떻게 평소 가는 시간보다 늦어요..?,애초에 매치도 잘 안되는데 기껏 매치한다는 게 5분 이상 거리 택시만 매치해주고 결제수단 삭제하고 추가하는 것도 결제창에서 바로 안돼서 사람 진짜 곤란하게 만드네요 카드결제 안 돼도 알아서 일반결제 할 수 있게 좀 만들어주세요 불편한 게 한두가지가 아닌데 피드백 좀 반영하시고요..,ios
,카카오 T,ewwksj,2021-12-08T14:42:20-07:00,1,0,개 쓰레기 어매 뒤진 앱,배차 오래 걸리면 잡질 말던가 항상 택시가 없을 시간이 아닌데 5분 이상 걸리는 거 기다려보면 카카오택시 ㅋㅋㅋㅋㅋㅋㅋㅋ 이거 뉴스 볼 때만 해도 택시기사들 또 지랄한다고 생각했는데 앱 써보니 그 말이 맞는 거 같음 ㅇㅇ 대체 앱 찾으면 바로 삭제합니다,ios
,카카오 T,같은곳,2021-12-08T01:03:36-07:00,1,0,"카카오택시로 부당요금, 불친절을 겪었는데","카카오택시에서 좋은 서비스를 제공 한다고 광고하는 것과 다르게 불친절, 부당요금 결제를 당했고 거기에 문의하자 기사님 패널티를 주고 그게 누적이 되면 거기에 대해 제제가 있다고 했고 그러면 지금 어떤 제제를 받았는지 알고 싶다고 하자 그건 회사 내규라 알려줄 수 없고 환불도 사과도 못 받도 더 높은 관리자랑 통화도 안 된다며 안되는 걸 안 된다고 얘기하는 거라며 먼저 전화를 끊었습니다. 기사님도 불쾌하고 카카오 택시 서비스 처리 방식도 너무 불쾌합니다 일주일에 몇번씩 출근 때마다 이용했는데 이제 이용 안 합니다",ios
,카카오 T,뿌링클먹고싶다!!!,2021-12-06T15:42:12-07:00,5,0,택래기들 일안하나;;,호출드럽게 안잡히네,ios
,카카오 T,3뿌구,2021-12-06T02:22:20-07:00,2,0,지역 택시기사님 (시골),시골 택시기사님들 어플 사용 잘 모르시면 사용 자체를 하시지 말라고 해주세요. 아니면 제도적으로요. 카카오택시 어플에서 호출취소라는 메뉴얼이 있다는걸 모르시나요 ? 호출취소를 했다고 등록되어 있는 전화번호로 수십통의 전화를 하시고 호출취소 했다는 이유만으로 모르는 상대방에게 큰소리를 들었습니다. 호출취소 후 바로 알람이 핸드폰으로 전송이 되고 그 알람이 뜰텐데 호출취소 후 4-5분뒤 계속 전화오고 난리도 아니었습니다.,ios
,카카오 T,또현잉,2021-12-06T01:13:22-07:00,1,0,최악이에요,아침에 출근 하느라 안그래도 바쁜데 택시 동시에 두개가 잡혀서 괜히 잘못도 없는데 다른 기사님한테 사과드렸어요 카카오상담하기로 개선 좀 해달라고 했더니 제가 멀티콜로 다른 택시를 추가호출 했다는데 말이 되는 소리를 해야죠.. 평소처럼 똑같이 했다니깐 똑같은 말만 반복하고 출근길에 내가 택시 잡혔는데 다른택시 추가로 이용하기 눌러서 같은곳을 또 잡았겠냐고요.. 서비스도 최악이고 몇달 전에도 기사한테 아무런 이유 없이 욕먹고 호출취소당하고 카카오택시 진짜 없어졌으면 좋겠어요 다른걸로 좀 편하게 이용하게,ios
,카카오 T,ㅋㅋㅋ;;;;;;;,2021-12-05T21:43:47-07:00,2,0,카카오바이크,카카오바이크 주차 금지 지역이 집 앞이라 정차 했는데 20000만원 나왔더라고요... 너무해 ... 괘씸해 .... 택시 연간 100만원 넘게 쓷는데 삭제 했서요...,ios
,카카오 T,신옙,2021-12-05T20:48:29-07:00,4,0,너무 늦게 와요,다 좋은데 제 거리에서 제일 가까이에 있는 택시로 잡아주세요 제 앞으로 카카오 택시 반차만 3대씩 지나 가더 군요 정말 급 한 상황인데 넘. 늦게 오세요 제 거리 기준 가장 가깝게 오는 사람으로 해주세요 😂,ios
,카카오 T,sjfnridks,2021-12-05T15:31:07-07:00,1,0,네트워크 에러 좀 해결해주세요.,자전거 qr 찍는데 계속 네트워크 연결이 안됐다고 에러메시지가 나오네요. 네트워크 잘되는데.. 앱 껐다키고 해봐도 계속 안돼서 오늘 지각했습니다. 개선 부탁드립니다.,ios
,카카오 T,해님쌤,2021-12-04T19:25:41-07:00,1,0,몇분후 도착하는지 글씨가 지금출발합니다에 가려요,몇분 후에 제가 있는 쪽으오 도착하는지의 글씨가 지감 출발합니다가 가려서 아예 보이지가 않네요... 예전에는 장 보였던 부분인데 최근들어거 이상해졌습니다! 수정 부탁드려요!!,ios
,카카오 T,지각하고싶은분타세여,2021-12-04T17:04:14-07:00,1,0,경로가 최악입니다,실시간 교통정보 반영?? 못하던데요?? 누가봐도 텅텅빈 빠른딜 놔두고 무조건 큰길로만 안내…  덕분에 지각,ios
,카카오 T,heowoqpsj,2021-12-03T22:25:55-07:00,1,0,오류가나서 아예 부를수가 없어요,ㅠㅠ 계속 카카오톡 계정으로 로그인하려하면 와이파이 및 데이터를 키라하는데 늘 와이파이 데이터 켜져있는데 계속 이런식으로 오류가 나여 카카오 택시 정말 잘 이용했는데 1년째 이래서 늘 사용하지도 못하고 있습니다ㅠㅠ 이거 오류좀 어떻게 할수있는 방법 없나요,ios
,카카오 T,ㅕ아에달,2021-12-03T20:04:39-07:00,1,0,안잡힘,택시 걍 ㅈㄴ 안잡힘,ios
,카카오 T,멜리우정,2021-12-03T05:45:59-07:00,1,0,카카오 T 바이크 왜 타요? 개최악,"먼저 상담원들 상담내용 부실하고(애쉬 아롱) 마치 봇처럼, 했던 말 계속하는 중복답변 받으실겁니다. 도움받으려 상담 요청하지만 전혀 도움이 안되구요???? 서비스 이탈지역 경계 역시 지도상에서 뚜렷하지않아요 낮에 햇볕 비치는 폰화면으로 지도 볼 시 굉장히 분간 어렵고요 자전거 손으로 들어서 방향 못옮김 너무 무거움  따라서 라이딩도 너무 힘겨움 🛺  주차 한번 잘못하면 수수료 2-4만원 그냥 나와요 자전거 십분타고 ㅎ  타사 Lime 이나 Boom 융통성있게 상황 봐 가며 상담 잘해주거든요 앞으로 카카오바이크 이용할 일은 없을겁니다 Never ever  IT WAS JUST WAY TOOO TERRIBLE EXPERIENCE 🚜👎👎👎👎👎👎👎👎👎👎👎👎👎👎👎👎👎👎👎👎👎❌❌❌❌❌❌❌❌",ios
,카카오 T,맨날오류,2021-12-03T02:09:23-07:00,1,0,네비좀,쌩뚱맞은 길로 안내 하길래 여기가 빠른가보다..했지만 돌아가고 막히는 길이였다…,ios
,카카오 T,나나치ㅣㄴ,2021-12-03T00:51:07-07:00,1,0,엥,아니 무슨 택시 하나 잡는데무슨 50분이 이상이결리냐 어이없다,ios
,카카오 T,재밌는맛 젤리,2021-12-02T23:09:01-07:00,1,0,다른 택시 어플에 비해 최악이라 삭제합니다.,기존에 다른 택시 어플 썼는데 업데이트 하래서 귀찮아서 오랜만에 카카오택시 썼는데 진짜 최악이라 앱 삭제 했습니다.  왜 5-6분 넘게 멀리 있는 택시 잡나요? 바로 앞에 있는 택시 건너가기 귀찮아서 호출했더니 6분 거리 솔직히 오면 6분 아니고 10분 걸릴것 같은데 서 오네요?ㅎㅎ 바로 취소하고 다시 잡아도 또 멀리서 오고…  카카오택시는 거리 상관 없이 카카오택시만 호출하나봐요? 제한선이라도 있어야죠. 다른 택시 앱 쓸때는 카카오택시도 바로 왔어요^^ 진짜 한 5번 넘게 이래서 그냥 타사로 남어갑니다. 타사 관계자 1도 아니예요. 좀 고쳐주세요,ios
,카카오 T,망춍이,2021-12-02T16:32:41-07:00,5,0,이중결제 처리안해주시는거 좀 어이없네요? 그냥먹튀 카카오택시,"이중결제가되었는데 기사는 그냥 이거는 현금으로받은건 팁이다ㅋ해놓고 자동결제 수락해서 돈을 이중으로 다받아가시더라구요?  내용은 제 지인이 같이타고있다가 내리면서 제 택시비용까지지불했습니다 택시비가 얼마가나올거같냐는말에 2만원넘는단식으로말하더니 그래도2만원에해결해보겟다고하시더라구요? 나 참 웃겨가지고 누기봐도2만원이안나오는거리인데말이죠 제가 늘 타던 거리니까요.. 저를 잘부탁한다며 드리고내렸는데 자기는 그걸 팁으로받은거라며 원래 되어있던 제 자동결제를 수락해버리더라구요?? 살다살다 이런경우가있을까요? 그래서 그 새벽에경찰까지불렀습니다. 금전적인부분은 경찰이 직접개입할수가없으니 고객센터나 민원신고를 넣어야한다더군요 경찰분이 현금받은거확인하셧고, 자동결제된것도확인하셨습니다 경찰분도 웃으시더라구요 저보고  이상황 참어이없으시겟다면서 말이안통하는분이네요..하면서 얘기하시던데요 그치만 직접도움을드리지못해미안하다더군요 그래서 방금 카카오택시고객센터에연락을하니 기사와직접합의를봐서 취소하래요? 아니 이렇게무책임할수가있나요? 그럼 제 돈은 어서받아야하나요?",ios
,카카오 T,rtoran,2021-12-02T15:53:40-07:00,3,0,요즘 왜케 택시 안잡히나요,카카오택시만 2년가까이 이용중인데 처음엔 잘잡히고 카카오페이 포인트도 줘서 괜찮았는데 요즘은 블루말고 일반택시 잡혀본적이 없음ㅡㅡ 그리고 포인트도 안주고….,ios
,카카오 T,지원(버스커),2021-12-02T15:47:11-07:00,1,0,드럽게 안잡히네요,잡혀도 무슨14분거리위치한 기사님이 잡히고,ios
,카카오 T,더어덩덩,2021-12-02T15:27:55-07:00,1,0,편리하려고 쓰는데 불편한 경험이 더 많음,멀리오는 택시가 먼저 잡아 더 기다리는 경험. 기사님이 잠결에 잡으시고 안오셔서 기차를 놓치는 경험. 평점 제도도 앱을 사용한다는 자체가 젊은 사용자라는 건데 기사님들은 사용자에대하 이해는 낮고 평점 제도에 대한 불만이 있으시고 그건 카카오가 아닌 탑승자에게로 향함. 결국 이용자는 손님이니까. 그리고 평가할때 이 택시를 다시 타겠습니다 이런 체크박스는 왜 만드는 건가요? 쓸모가 없습니다. 어떻게 보면 어플로 택시를 타며 이런 생각이 드는 것 또한 세대차이일 수 있을것 같네요. 카카오가 돈을 많이 버는 기업인 만큼 그 차이를 좁히는데 투자를 하시면 더 좋을 것 같습니다.,ios
,카카오 T,sownsv,2021-12-02T14:47:02-07:00,3,0,택시가 잘 안잡혀요,급하게 가야할 곳이 있어서 택시를 불렀는데 안잡혀서 늦었네요. 길에 돌아다니는 택시는 많았는데 안잡혀요.,ios
,카카오 T,jaguar00,2021-12-02T07:25:09-07:00,1,0,ㅇㅇ,쓰레기,ios
,카카오 T,염.병,2021-12-02T05:09:21-07:00,1,0,아니 수원은 택시 기사가 없나요?,시이팔 짜증나서 씁니다 50번을 넘게 호출을 해도 잡지도 않고 수원에 택시기사를 안씁니까? 진짜 급해뒤지겠는데도 잡히지도않고 개 줏같은 동네네요 아니면 카텍이 이상한건가요 무슨 500원을 더 쳐주면 택시가 바로 온다더니 그것도 안되고 모범을 쳐탈라해도 근쳐네 없다 ㅈㄹ하고,ios
,카카오 T,Enfflekd123,2021-12-02T05:03:33-07:00,1,0,위칙정보가 똑바로 되지 않습니다.,앱을 키고 gps를 켰을 때 위치정보가 올바르지 않아 서로 찾아헤메는 경우가 허다 합니다. 지피에스 위치를 정확히 하도록 해주세요.,ios
,카카오 T,ㅋㅋㄹㅈ아ㅏ랑,2021-12-01T23:52:21-07:00,1,0,시바견,진짜로 주변에 택시는 있는데 왜 콜을 안잡아주는건지 다아는데 사회시간에봤는데 진짜 제발 좀 주변 택시 콜 좀 잡아줘요,ios
,카카오 T,쿠레아,2021-12-01T20:49:32-07:00,2,0,네트워크연결,왜자꾸 네트워크 연결이 안된다고 뜨죠? 다른앱은 다 이상없는데,ios
,카카오 T,지도지도지도,2021-12-01T18:47:42-07:00,1,0,지도가 안보입니다!,지도가 안보여서 위치 지정하기가 어렵습니다 빨리 개선해주세요,ios
,카카오 T,택시좀잡혀아,2021-12-01T15:14:36-07:00,1,0,택시 안 잡힘,30분째 안 잡힘 씩빵^^,ios
,카카오 T,희찬몽,2021-12-01T07:41:39-07:00,1,0,택시방,밤 12시 지나서 막차 끊기는 거 아는데 일부로 택시방놈들이 호출을 안 받아요 날씨도 추운데 뭐하는건지 모르겠네요 돈 벌기 싫은건가 ㅋㅋ 그럴거면 택시 하지마세요,ios
,카카오 T,보시면 답글 좀여 제에에에발,2021-12-01T06:51:04-07:00,1,0,택시 승차 거부,이건 진짜 좀 아닌 것 같아서 처음으로 이런 곳에 글 남기네요 걸어갈 수도 없고 대중교통도 다 끊겨 부르는데 거짓말 안치고요 49분 째인데 안잡히는거 말 된다고 생각하나요 ㅋㅋ 광고만 이렇다 저렇다 잘 잡히는 척 해놓고 이건 좀 아닌 것 같네요 아 진짜 열받아서 이걸 어디다 말을 해야할지 모르겠네 아니 이럴거면 애시당초에 만들지를 말던가  지금 제 위치에서 강남이나 경기권 찍으면 바로 잡을거면서 아니 그렇다고 단거리 찍은 것도 아닙니다 ㅠ ㅋㅋ 너무하네 진짜 장난질하나 아무리 장거리 좋아한다지만 이건 아니잖아요 아니 어떻게 50분동안 잡히는 택시가 없어 거를께요 욕나오네 진짜,ios
,카카오 T,공방누나,2021-12-01T03:59:03-07:00,1,0,네트워크 연결이 계속 안된다고 나옵니다.,앱 설치까지 잘 되고 나서 이용하려고 하면 네트워크 연결이 안 되어있다고 하네요. 고객센터 문의하고 싶은데 챗봇으로 밖에 운영 안 하시더라구요.. 삭제 후 다시 설치해도 똑같은데 어떻게 해결해야 할지 문의드려요~,ios
,카카오 T,Zzzzzzzadrc,2021-12-01T03:03:37-07:00,1,0,쓰레기택시,개쓰레기중의 쓰레기 길거리 다니는 택시가 더 잘잡힐정도면 이딴 쓰레기앱을 왜쓰냐? 새벽에 한번을 빨리 잡히는꼬라지를 못봤다. 삭제한다 쓰레기같은앱 카악 퉤!,ios
,카카오 T,shhj331,2021-11-30T22:36:53-07:00,1,0,이용제한,택시기사님들 중간에 사정이 여의치않으시면 호출 취소하게 해주세요. 10분 넘게 기다리다가 갑자기 길 어려워서 못가겠다 이러시는거 한 두번 겪는게 아닌데 더이상 못참겠어서 리뷰 남깁니다. 택시는 급한일 있을때 타는데 그럴때마다 다 지각하게 되는데 호출할때마다 기사아저씨한테 직접 전화해서 물어보게하고 참 번거롭네요.,ios
,카카오 T,hyehyeh,2021-11-30T15:49:55-07:00,1,0,최악,진짜 최악이에요. 계속 10분 이상 먼거리 택시만 잡혀서 취소하고 블루 잡았더니 손님 타고 있는 10분 이상 거리 택시 배차되어서 취소 했더니 아예 콜도 못잡게 해버리네요. 덜분에 아침 출근 시간에 30분 동안 택시 잡고 지각했습니다. 제발 개선 좀 하세요.,ios
,카카오 T,쌩뚱맞긴,2021-11-30T01:29:09-07:00,1,0,카카오티로 부르는데 지도가 안보여요,카카오티로 택시부르는데 지도가 안보입니다. 카카오맵으로 운전하시는 분들 이상한 골목길로 안내되어 택시비도 더 나오네요. 왜 고쳐지지 않나요!,ios
,카카오 T,아아아ㅏ아ㅏㅏ,2021-11-29T21:54:16-07:00,1,0,빠른 길 냅두고 다른 길 잡을 때마다,열받아서 죽을 거 같음 기사님들이야 초행길이고 그러면 네비따라 가겠지만 굳이 빙돌아서 가는 이상한 길이 네비에 찍혀있으니 개선 좀 해주면 좋겠습니다,ios
,카카오 T,minbo2003,2021-11-29T19:55:22-07:00,1,0,지도안보임,지도가안보여요,ios
,카카오 T,배차돔해줘,2021-11-29T15:34:03-07:00,1,0,배차,배차가 안되네요 주변에 택시가 몇대인데 장난하시나요,ios
,카카오 T,handson04,2021-11-27T17:49:09-07:00,1,0,제발 거절 좀 하지 마세요,만원이면 그렇게 가까운 거리도 아닌데 왜 심지어 3분 거리 이내 기사들도 거절하시는거죠??진짜 이것때매 너무 불편해요;;,ios
,카카오 T,별명이있다는데뭘계속쓰래,2021-11-27T16:52:52-07:00,1,0,최악이네요,원래 리뷰안쓰는데 화가나서 리뷰 처음써봅니다 2분걸린대서 나갔더니 7분걸린답니다 오는길 보니깐 계속 같은자리에 서 있던데 이건 왜 그런가요 바빠죽겠는데 장난치는것도 아니고 리뷰보고 의견 반영은 되는건지도 궁금하네요 갈수록 퇴보되고 있는 것 같아 더이상 이용하기도 싫네요,ios
,카카오 T,쯧쯧쯧111111,2021-11-27T07:55:36-07:00,1,0,길에 널린데 택신데 새벽시간 아무도 안잡네,이럴꺼면 앱을 왜사용해 안잡히니까 다시 호출하면 금액은 계속 올라가고 개선합시다,ios
,카카오 T,업뎃제발그만,2021-11-27T04:11:50-07:00,1,0,업데이트,아니 바이크 탈라니까 업데이트 하라네여 안해도 탈 수는 있자나 데이터 없어서 밖에서 하지도 못하는디,ios
,카카오 T,어쩔티빙빙,2021-11-27T01:32:17-07:00,1,0,ㅇ,드럽게 안 잡힘 ㅋㅋㅋㅋㅋㅋㅋㅋㅋㅋㅋㅋㅋㅋㅋㅋ,ios
,카카오 T,ㅋㅋ훜ㅋ,2021-11-26T19:55:12-07:00,1,0,웃돈줘야 잡아주네,기본으로 잡으면 도저히 잡히지가 않고 블루? 그걸로 하면 오초만에 잡아주는거 자본주의스럽네요 고맙습니다,ios
,카카오 T,아뭔닉넴을하래,2021-11-26T16:57:34-07:00,1,0,그냥 안와요,요즘 택시잡는데 평균 20분이 걸려요 이게 택신가요? 버젓히 앞에 카카오택시 빈차가 지나가는데도 안잡혀요 이럴거면 어플을 왜쓰죠?,ios
,카카오 T,...e..,2021-11-26T15:13:16-07:00,1,0,바이크 개쓰레기,반납하면 주차금지구역이라고 2만원뜯어가는 희대의 쓰레기어플 바이크 꼴보기싫어서 앱삭제함 앞으로 주젼에 노란바이크 보이면 다 쓰러뜨리고 다니겠습니다,ios
,카카오 T,ㅇㅎㅇㄴㅂ마니ㅔ게기,2021-11-26T06:28:12-07:00,1,0,요즘 카카오 택시 왜이럴까요…,택시 네비가 길을 돌아가는 길로 안내하고 요금도 더 적게 나올 금액인데 처음 잡은 금액을 맞추기 위해 더 돌아가는 것 같습니다 별 1개 주는 것도 아까운 요즘의 카카오 택시 입니다 기사님께 길 설명 할 필요 없고 간편해서 좋았는데 요금이 너무 초과하니깐 더는 못 부르겠네요! ㅠㅠ,ios
,카카오 T,gosamida,2021-11-26T05:02:06-07:00,2,0,카택 선택적 받기,"물론 어떤 고객을 받느냐는 택시의 자유인데, 가까운 거리를 이동하려고 하는 사람들을 너무 가려 받네요.. 이런 적이 한두번도 아닙니다. 옆에 택시가 그냥 지나가는데도 가격이 적은 고객은 아예 안받겠다는 건가요? 이런 택시들로 인해 저희가 택시를 탈 권리는 없어질 수 밖에 없네요.   아예 목적지를 택시가 그 전에 볼 수 없도록 해주세요. 택시업계 종사자와 고객 모두 조화롭고 평화로울 수 있도록 개선 부탁드립니다.",ios
,카카오 T,찌찌입니다,2021-11-26T03:24:51-07:00,1,0,왜 돌아가나요?,강서구청에서 서대문경찰서를 오는데 분명 처음에 제 폰에는 경로가 항상 가는 길이었는데 기사님이 내부타셔서 여쭤보니 녹번역? 혼자 탄 상황에서 기사님이랑 얼마나 불편한지 모르겠네요,ios
,카카오 T,카카오카카카오,2021-11-25T21:52:46-07:00,3,0,현장결제,현장결제가 어제까지는 됬었는데 오늘부터 안돼요… 업데이트좀 해주세요,ios
,카카오 T,h920928,2021-11-25T17:51:40-07:00,1,0,카카오 개,돈을 그만큼 받고 앱 운영할거면서 이따위로 하냐,ios
,카카오 T,야애듀러리히쥬미리,2021-11-25T17:18:25-07:00,5,0,뭐하자는 건지,"맨날 타고 다니던 거리 평소보다 2-300원 씩 더 나오는 건 그렇다치고  기사님들 관리 안되시고, 피드백 안하실거면서 왜 계속 피드백해달라 뜨는건지, 거리 가늠 안되는 곳에서 저 멀리서 잡히는 경우도 부지기수고  카카오톡 하나만 잘합시다 하나만 다 벌려놓고 뭐하자는 건지",ios
,카카오 T,비얼르오이에이오,2021-11-25T16:27:53-07:00,5,0,.,진짜 별로임 택시기사들 갑질하는데 이 앱이 한 몫하는 듯,ios
,카카오 T,AFK아레나 플레이어,2021-11-24T15:07:58-07:00,3,0,기본요금 나온다고 무시하는 건가요?,매일 아침마다 제가 다리가 불편해서 택시를 타고 가야하는데 밖에서 기다려도 안와서 빠르게 콜 잡히는 카카오택시 불렀는데 짧은 거리에다가 3300원이라고 기사님들이 무시하는것 같네요.,ios
,카카오 T,콰이 개극켬,2021-11-24T11:29:29-07:00,1,0,진짜 차가 지나다니기 힘든 좁은 골목길로 경로 안내해요,"경로를 설정할수있게 해주시든지 골목을 경로로 안내하면 어쩌자는건지,, 갑자기 어느순간 그러던데 왜 발전은 안하고 점점 ㅇ앱이 별로 되는건지 몰겠어요",ios
,카카오 T,립hann,2021-11-24T05:54:20-07:00,2,0,바이크,바이크 동네에 들어와서 탔을때 주차 추가요금 구역에 세워서 나도모르게 금액이 지불된 적이 있었는데요. 그때 매우 당황...  바이크 주차구역 보는게 생긴 것 같긴한데 좀 불편합니다ㅜㅜ 목적지 검색기능 생겼으면 좋겠어여 지도로만 옮겨야해서 매우 불편....... 핀을 옮겨봐도 추가금액이 안나오던데요..? 서비스 외 구역에 핀 놔도 별 다른 금액표시가 바로 안돼서 주차 되는줄 ㅜㅜ 터치해야만 보이는듯 하네요. 텍스트로 목적지 검색 기능이랑 핀 옮길때 서비스 외 구역이라도 예상금액 나왔으면 좋겠어요!!!,ios
,카카오 T,강북구 콜롬버스,2021-11-24T04:57:03-07:00,5,0,카카오 바이크,다 좋은데 카카오 바이크 여러동네에 생기게 해주세요 너무 쓰고싶슴다,ios
,카카오 T,지에춍,2021-11-24T03:58:58-07:00,3,0,리뷰,가는길을 제가 설정할 수 있었으면 좋겟어요...더. 돌아서 가는 날이 한두번이 아님..,ios
,카카오 T,번개장터 현실,2021-11-23T14:20:48-07:00,1,0,평소 일반택시로 가는 것에 비해 요금 뻥튀기 밑 삥 돌아감,네비가 카카오 개ㅈ도 좁은 도로망에서 알려준 길로 가네까 요금 뻥튀기에 삥돌아가서 살면서 안해본 지각이란걸 했습니다 이것때문에 내 회사이미지 평판나빠지고 참 힘들어지네요 카카오님들아 개 지랄떨지말고 모르면 가만히 있든가 완성되지도 않은 시스템 적용시킨다고 생체실험 시키지마라 너희가 일제감정기 일본군이랑 다른게 뭐냐 말만 ㅋㅋ 고객을 위한 기업?  너희애미 보지동굴에 대고 외쳐라 카카오는 고객을 위한기업!!!! 이라고 결론은 애매하게 할거면 피해보는 사람생각하고 하지를 마라는거다 너희 좋자고 하는거 모르는사람없다. 너희가 좋으려면 우리한테 좋은 시스템을 마련해라 그게아니면 공급은 늘고 수요는 계속 줄어들테니까 그때가서 닝기리 주머니에서 천원 이천원 꺼내서 돌려주지말고 어쨋든 너희때문에 알차게 지각해서 개씹같이 털렸다 너희 때문이다 너희 때문에 너희 때문에 너희 때문에 너희 때문에 꼭 너희 부모가 모두 뒤졋음 좋겟다,ios
,카카오 T,jw745400@,2021-11-23T08:07:09-07:00,1,0,카카오 택ㅣ발,가까우면 태워주지도않고 현금 더 받아 쳐먹어야 태워주던데요…? 가깝거나 반대방향이면 태워주지도 않고 ㅋㅋ 걍 ㅈㄴ 실망함,ios
,카카오 T,서효유ㅓㄴ,2021-11-23T05:10:25-07:00,1,0,카카오바이크,카카오바이크가 이상함,ios
,카카오 T,skemfmfif,2021-11-22T17:33:03-07:00,2,0,택시 위치 뜨게해주시면 안돼나요?,주변에 택시있는지 없는지 뜨게해주시면 안됄까여 택시 안잡히는데 주위에보면 빈차 많이 지나가던데,ios
,카카오 T,화난다.!.!.!,2021-11-22T16:53:31-07:00,5,0,너무 싫은 택시기사들,택시 아저씨들 스마트 택시로 안하면 아예 오지도 않고 개무시 하는거 너무 싫네요 제발 타다 다시 생겨라,ios
,카카오 T,별명은뭐임,2021-11-22T07:08:06-07:00,1,0,택시 보다 대리비가  2배 가까이 비싸면 어쩔?,불편한 대리보다 택시가 훨 편하구만 대리비가 ㅇ잔보다 몇만원 이상 오르면 어쩌자는거야!,ios
,카카오 T,듐항,2021-11-22T03:41:58-07:00,5,0,제발 멀리서 오는 택시 잡히지 않게 해주세요 ㅠ,진짜 잘 쓰긴 써요 근데 손님들을 생각해주세요 요새 너무 멀리서 오는 택시들만 배차돼요 그러면 손님들은 더울 땐 땀흘리며 기다려야 하고 추울 땐 덜덜 떨면서 기다려야 해요 그리고 택시를 타는 제일 큰 이유가 빨리 가기 위해서라고 생각하는데 기다린다고 시간 다 빼서 아슬아슬하게 도착하거나 지각하는 경우도 생겨요….제발 ㅠㅠㅠㅠㅠㅠㅠ,ios
,카카오 T,ㅁㅇㄹ호ㅓ마,2021-11-22T02:45:26-07:00,1,0,평가하기,기사님 평가하기 창을 키보드가 가리는것때문에 내용을 칠수가 없어요 수정 부탁드립니다,ios
,카카오 T,맹날두,2021-11-21T19:03:30-07:00,1,0,벤티 서비스 최악이에요,수수료 규정도 그렇고 취소 규정도 그렇고 너무 별로 입니다. 타다가 훨씬 좋았는데…,ios
,카카오 T,syellb,2021-11-21T15:13:51-07:00,1,0,앱 멈춤,아침부터 사용할랬더니 작동을 안함,ios
,카카오 T,뽀찌르지,2021-11-21T10:17:36-07:00,5,0,항상 잘이용중!,언제나 잘이용하고 있습니다! 배차 전에 반려동물과 함께 탑승하는지의 여부를 기사님들께서 미리 알 수 있게 체크란이 생기면 정말 좋을것같아요 그럼 기사님들도 잡았다가 취소하는 수고로움을 덜하고 승객도 승차거부로 기분상하는 일이 없지 않을까~ 하는 생각이 듭니다 물론 반려동물과 대중교통을 함께 할때의 에티켓 당연히 지키는 선에서요!,ios
,카카오 T,대체 몇시에 타야 일찍 와..,2021-11-20T17:51:12-07:00,1,0,ㅡ.ㅡ,아침에 맨날 멀리 있는 택시만 잡히네여 오늘도 지각이네요 ^^7,ios
,카카오 T,😆😁😄😃😀😅😂🤣🥲☺️,2021-11-20T12:34:33-07:00,1,0,사용하려는데,새벽에 사용하려하니 아예 먹통이고 안되네요,ios
,카카오 T,망북,2021-11-20T05:32:44-07:00,1,0,별점도 아깝다 ㄹㅇ 그냥 이 어플 안쓸란다,양아치 기사들만 잔득하네 근처에 잇는택시가 잇는데도 일부로 승낙도 안누르고 먼거리만 가는건지 차별 하는것도 아니고 택시어플 자체가 필요 없네요 다른 앱 깔아서 하니깐 또 거기는 잡히네 진짜 카카오택시는 쓸만한데가 아닌듯 ㅃ,ios
,카카오 T,욱-,2021-11-20T00:21:03-07:00,1,0,아주 주옥같은것,음 대구만 1000원 이용료 붙이고;; 지도도 지 꼴릴때만 나옴,ios
,카카오 T,ㅇㅇㄹㅆ,2021-11-19T23:40:29-07:00,1,0,지도 위치 오류,현재 위치에 있는 매장 검색해서 출발지 설정했는데 기사님한테 뜨는 위치랑 다른 곳으로 뜨네요 수정 부탁드려요 이런적이 한두번이 아니네요,ios
,카카오 T,Dmang_1,2021-11-19T20:53:00-07:00,5,0,빈차 널리고 널렸는데 가기 싫은곳 안잡네,오늘 아침에 시외버스 타려고 하다 택시가 아무리 해도 안잡혀서 급하게 디어 타다 피날정도로 다치고 왔더니 빈차들 수십대 대기히고 있고 본가 올라와선 자격증 시험 보러 가려고 택시잡는데 10분넘게 안잡혀서 결국 시험비만 날렸네요 이런 문제가 몇년째 이어지고 있는데 아직도 개선 안하는 쓰레기같은 앱,ios
,카카오 T,아임 타이론!,2021-11-19T10:12:59-07:00,1,0,기사님들 보세요 그리고 카카오택시 관리자님,가까운거리라고 일부러 안잡는 기사님들 어떡합니까? 걸어서는 멀고 차로는 금방인데 돈안된다고 일부러 안잡는다네요 이게 말입니까? 그돈은 땅파면 나온답니까? 어떻게 좀 해주세요 관리자님,ios
,카카오 T,필0527,2021-11-19T07:17:34-07:00,1,0,당신들 보기엔 혁신적일지 몰라도 우리가 보기엔 최악,"밤에 집으로 귀가할때, 특히 금요일 등은 택시기사들은 손님 무시하고 그냥 지나가고, 뭔가 하고 보니까 카카오 택시에는 등급별로 돈 내는게 있더라구요? 일반 택시는 죽어라 기달려도 안잡히고, 빈 택시는 예약으로 바꾸고 손님 무시하고 지나가고, 택시요금은 따블로 줘야 잡히고, 콜택시 어플이 생기기 전에는 그래도 양심것 잡혔지 이건 뭐 그냥 택시기사들은 폭리취해, 카카오도 폭리 취해",ios
,카카오 T,dbwltn,2021-11-18T16:00:27-07:00,3,0,예상요금,예상요금이 제대로 맞았던적이 거의 없네요 항상 몇천원은 더 나와서 왜 예상금액이 있는지... 의문이에요 이 부분 개선이 필요할듯 합니다,ios
,카카오 T,16151538,2021-11-18T15:32:17-07:00,1,0,5분 쳐걸리는 기사님 잡아서 개늦네요,하 ㅋㅋ,ios
,카카오 T,뉴맞고설치는 ㄴㄴ,2021-11-18T08:20:00-07:00,1,0,그냥 기사 ㅈ대로내,그냥 블루고 나발이고 접히는거 가려받네 ㄱㅁ 이러면거서 택시기사들은 무슨 불편불만이많냐,ios
,카카오 T,자메이카옥수수,2021-11-18T03:51:31-07:00,1,0,카카오 계정이 접속이 안됩니다,아이폰 12인데 처음 설치하고 나서 키카오 계정 접속이 안되는 현상이 발생합니다. 이부분 수정 부탁드립니다ㅠㅠ,ios
,카카오 T,"하..............,,",2021-11-18T00:47:44-07:00,1,0,호출문제,왜 호출이 안되는거죠 매번 실패 알림만 뜨네요 시골도 아니고 서울 도심지역인데 개선이 필요해보입니다.,ios
,카카오 T,히광,2021-11-17T14:57:08-07:00,1,0,카카오바이크 사업,"카카오바이크 사업 철회하세요. 반자동이라 초보자들에게 굉장히 위험하고 요금은 수원자전거보다 세배이상 비쌉니다. 게다가 서비스지역도 굉장히 좁고, 해당지역 넘어가면 수수료 부과한다고 하길래 얼마나 하길래했는데 무려2만원을 부과한다니 어이가없네요 사용전에 사전에 과태료 얼마부여하는지 공지조차 뜨지 않고 완전 최악의 서비스입니다. 소비자를 호구로 아는듯.. 이거 개편하거나 이사업 없애지않으면 많은 이용자들이 몸도 다치고 피해를 입을것입니다. 카카오 주주 떡락하는 소리 여기까지 들리네요",ios
,카카오 T,맘츄,2021-11-17T13:53:31-07:00,5,0,아침부터 카카오T 덕분에 ㅈ같다,아니 근처에 있다면서요;;;;;;; 근데 애초부터 6분 거리에 있는 기사님들한테 먼저 보내는 게 말이 되니 븅들아 진짜 아침부터 빡치게 하네 니들 그 시스템 때문에 아침부터 늦게 생겼고 취소만 몇 번 했는지 모른다 ㅋㅋ,ios
,카카오 T,으으아이엩,2021-11-17T03:04:02-07:00,2,0,위치,계속 안맞게.떠요 미치겟네 진짜,ios
,카카오 T,카카오택시 쓰지마라 제발,2021-11-17T01:40:27-07:00,1,0,근 2달동안 한번도 배차성공 못해봤다 이새기들아,배차도 안되는 어플은 뭣하러 만들어놓으셨음? 내가 어이가 없어가지고 2달동안 한번도 잡히지 못할줄은 몰랐다ㅋㅋ  무슨 양심이 있어서 이렇게 만들어놓았는지 이해를 못하겠어 느그들 어플믿고 기다리다가 약속 늦은게 한둘이 아니야  그렇게 사람 초조하게 만들고싶었냐?,ios
,카카오 T,Iㅣda,2021-11-16T18:55:56-07:00,2,0,카카오바이크,위치 제대로 못 잡나요? 세 번에 두 번꼴로 자전거가 지도위치에 없어요. 꼭 펜스 너머 길 멀리에 있던가 지도에 그려진 위치랑 너무 다릅니다. 그리고 자전거도 뽑기마냥 모터가 두번에 한 번은 안 굴러요. 돈은 돈대로 비싸고 기능은 기능대로 못 하네요 잘 쓸때는 잘 썼지만 나쁜 점이 너무 많아요,ios
,카카오 T,카카오 불매,2021-11-16T15:31:33-07:00,1,0,카카오택시 탈출,도대체 카드등록 기능 왜 만들어진건지??? 전에는 직접결제 선택이 가능했는데!! 바빠서 택시를 잡는데 길바닥에서 카드등록부터 시키는 게 맞나요?? 다른 어플 찾아 갑니다.,ios
,카카오 T,ㅇㅇㄹㄷㄱㅎ,2021-11-16T15:04:24-07:00,1,0,분통터짐,왜 자꾸 저 멀리 있는 기사님으로 콜이 잡히는지 모르겠고 그거 기다리는 시간 + 좀 더 빠른 길이 있는데도 불구하고 왜 신호 많고 막히는 길로만 ‘항상’ 안내하는 건지 노답이네요 카카오택시 정말 자주 이용하는데 이런 경우가 한두번이여야지 진짜 빙빙 돌아가는 막히는 길로 갈때마다 헛웃음이 나고 어이가 상실합니다 역겨운 폐급이네요,ios
,카카오 T,서어으은지,2021-11-16T14:07:13-07:00,1,0,별점 수정하는 기능 빨리 만들어주세요,"앱 이용 중 렉이 걸려서 친절한 기사님께 2점밖에 못 드렸네요 바로 다시 눌러도 수정이 아예 불가능하고요 왜 별점 수정하는 기능이 없나요?? 이게 다른 고객들 우선 배치 순서에도 영향을 끼친다고 들었는데, 맞다면 수정이나 삭제 기능은 필수로 넣어주셔야지요",ios
,카카오 T,thtth324,2021-11-15T21:13:01-07:00,5,0,삭제한후 다시 다운로드가 안됩니다 .. 이유가 뭐죠 ?,재 다운로드 안됨,ios
,카카오 T,Dmsqls4748,2021-11-15T20:14:15-07:00,4,0,바이크,바이크 위치 좀 개선해주세요 같은자리에 있는데도5차선이 떨어져있는데 한대 반대편한대로 뜨네요 자주 이용하는데 찾으러20분을걸어도 그자리없어서 못탄적이 몇번인지 모르겠어요ㅠ,ios
,카카오 T,진짜화나서씀2,2021-11-15T15:40:56-07:00,1,0,의도적인 카카오의 우회경로 지정?,"기사님이 아니라 카카오가 일부러 우회경로를 지정해주는게 아닌가 싶을정도로 네비 업데이트가 안됌. 십분 거리를 오분이라고 지정하는 등. 일분이 아쉬워 택시타는 사람들은 사용하면 안되는 것인지?  탑승 후에도 돌아가는 길을 지정해 주는 등 카카오 네비가 일부러 그런건지 궁금하기까지 함  한두번이여야 그럴 수 있다지, 이제 어플 있어봤자 콜도 안잡히는데 수수료나 뜯지말고 네비 개선이나 하시길",ios
,카카오 T,히히히히힣리,2021-11-15T02:58:48-07:00,1,0,위치켜져있는데 키래요,위치켜져있는데 자꾸 키라는데 왜이러죠ㅜ,ios
,카카오 T,카카오와 택쓰콜라보,2021-11-15T00:55:37-07:00,1,0,별한개도 아까운 쓰레기 어플,일년을 넘게 주구장창 썼지만 초창기때만 고객님하고 현재는 엉망진창....어플 보완할 부분은 잘 듣고 본인들도 수용해야하는데 범죄자들 우글우글한 택시기사들한테 고객들이 아기랑 같이 욕설듣고 사고나도 정신못차리겠지.... 카페에 보면 이거 사용하다 오처구니 없어서 사용안한다는 사람들 수두룩인걸 이제야 봤지만 ㅋㅋㅋ 택시비 내고 카카오에 수수료 낼바엔 그냥 차사서 내차타고 다닌다 ㅋㅋ,ios
,카카오 T,으억으억으억,2021-11-13T20:03:37-07:00,1,0,카카오바이크 왜 자전거 등록 안돼요;?,큐알도 안되고 입력하는 것도 실패뜨는디 왜이럼?,ios
,카카오 T,DustineOh,2021-11-13T07:13:29-07:00,1,0,ㅂㅅ,같은 서비스,ios
,카카오 T,몇몇착한기사빼고개택,2021-11-13T03:45:56-07:00,5,0,진짜 카카오개택,✌️콜가려잡는거 지림 다 빈찬데 잡지도않고 집이 살짝 위치가 애매한태 택시잡히면 기사들이 취소하라해서 취소햇더니 이용제한당함ㅋ 진짜 BS같네 개화남,ios
,카카오 T,호빵211111,2021-11-13T02:05:18-07:00,1,0,ㅋㅋㅋ,택시안잡힘 잡혀도 ㅈㄴ멀리서잡힘 그걸왜콜하는지도모르겠고 잡아주는것도 어이없음ㅋㅋㅋ 가는목적지보다 더 먼곳에서잡힘ㅋㅋㅋㅋ 택시도 드럽게안잡히고 새로운어플ㄹㅎ 갈아타야지ㅡㅡ,ios
,카카오 T,AKimbo9000,2021-11-13T00:59:12-07:00,2,0,정말 불편,왜 다른 사람이 택시를 부르고 그 택시가 다른 승객 내리고 오면 위치도 못보게 해논거죠??,ios
,카카오 T,Ianchristine,2021-11-12T21:27:25-07:00,1,0,정말 웃겨요 ㅋㅋㅋㅋ,벤티 불렀더니 블루와서  왜그랬냐고 했더니 오류 아니라고 ㅋㅋ 서비스 정말 역하네요,ios
,카카오 T,ㅡ아아,2021-11-12T21:23:40-07:00,1,0,네비,카카오네비 앱이나 좀 개선해라 맨날 같은 출발 같은 도착인데 길 안내 다 다르고 요금은 갈수록 늘어나고 니네가 길을 모르면 사람들이 자주가는 길이나 좀 쳐 알던가 내가 카택을 하루에 3번씩 부르는 사람이면 말좀 들을때도 되지 않았니?,ios
,카카오 T,카카오택시때문에 화남,2021-11-12T20:48:16-07:00,1,0,예상시간 반영좀 제대로해주세요,지하철보다 빨라서 탄건데 왜 한참 느린건가요 교통반영이 왜 제대로 안되나요?,ios
,카카오 T,이찌방(일본어로 첫번째 오해 ㄴㄴ),2021-11-12T20:25:57-07:00,5,12,5분이상 거리에 계신 기사님들,제발 5분이상 거리에 계신 기사님들이 먼저 잡아서 오시는것좀 어떻게 해주세요  바빠서 택시타는건데 항상 제가 있는곳까지 도착하는데 5분 넘게 걸리시는 기사님들께서 먼저 잡으셔서  그거 기다리다가 늦은적이 한두번이 아닙니다 그렇다고 이 택시 취소하자니 또 제한 때문에 기다려야되서 이러지도 저러지도 못합니다,ios
,카카오 T,문무a,2021-11-12T19:51:49-07:00,1,0,지도가 안나옵니다.,설정에서 위치 공유는 켰는데 지도가 안나와서 쓰기 힘드네요,ios
,카카오 T,첨단2돈,2021-11-12T19:30:56-07:00,1,0,기본부터 챙깁시다,"방금 타자마자 리뷰 작성합니다. 항상 이용해서 카카오내비따라서 가는건 알고 있었지만 1. 기본적으로 카카오내비 자체가 너무 돌아서 가고,  2. 일반적으로 차를 안타고 다니니깐 택시를 이용하는데, 길을 누가 정확히 알겠습니까 기사님이 아셔야지, 고속도로를 타는지 톨게이트를 지나는지 초행길일 수도 있는데 고속도로를 타고 톨비를 지난다는 안내는 기본 아닌가 싶습니다. 아무 안내 없이 출발하시더니 자연스럽기 톨게이트로 가는길, 주말엔 항상 막힌 고속도로를 지나갑니다. 길 설명은 기본 중에 기본이라고 생각합니다. 누가 돈을 더 내고 막힌길을 가고 싶어할까요 3.개개인 기사님마다 기본안내가 지켜지지 않으면 카카오택시 앱 내에서 안내사항이 나오거나 앱내에서 길 안내 제시를 정확히 해줄 필요가 있다고 생각합니다.  4. 자세히 보니 카카오 택시 앱 내비가 톨비로 가게 처음부터 길안내를 하더군요. 보통 내비도 여러가지 길 안내를 제시해주는데 택시도 다양한 길은 안내는 기본 아닙니까?   물론 정말 친절하시고 길안내도 잘 해주시는 많은 택시기사님들도 있습니다. 정말 감사하죠. 불만으로 인해 생기는 문제들로부터 기사님을 피해받지않게 카카오 측에서 해결이 필요하다고 생각합니다.  기본적으로 앱에서부터 작은것 하나하나 이런 불만이 생기면 이용하기 싫어집니다.  처음 카카오택시 생길 때부터 많은 분들이 내비문제로 불만이셨던걸로 알고 있는데 기본적인 고쳐짐이 없는게 아쉽습니다.",ios
,카카오 T,Smup333,2021-11-12T16:23:17-07:00,5,0,대화를 원하지 않아요 옵션을 만들어주세요,"밤 11시 넘어서 탔는데 집까지 가는 40분 내내 몇 살이냐, 결혼은 했냐, 부모님 연세는 어떻게 되시나, 결혼 안 하는데 집에서 뭐라고 안하냐 같은 소름 끼치는 질문 받았구요. 피곤해서 눈꺼풀 계속 감기는데 기사님 아들자랑은 멈추질 않더군요. 본인 아들은 빨리 결혼해서 2억에 집을 샀는데 그게 지금 8억 됐다. 제가 이런 대화를 돈 내고 해야 하나요. 운행에 필요한 대화만 오갈 수 있도록 옵션 버튼을 만들어주세요.",ios
,카카오 T,아웅우우웅,2021-11-12T07:17:14-07:00,1,0,다운자체가 안되네,장난하나 다운도 안되네,ios
,카카오 T,깅성뎨 울지마,2021-11-11T10:02:37-07:00,1,0,하,왤케 안 깔려요 남자친구 울잖아요,ios
,카카오 T,악악악악악악ㅇ악강강각악!,2021-11-11T04:30:58-07:00,1,0,바이크 운영팀 일안하나,주차 위치는 거지처럼 찍혀있고 맨날 가면 없음 리뉴얼된 자전거는 기능도 완전 썩었고  바이크 운영팀 일 안하는지 왜 더 퇴화됨? 바이크 땜에 쓸때마다 화나는듯; 대체회사 나오면 무조건 갈아탄다,ios
,카카오 T,울폭,2021-11-10T05:59:44-07:00,5,0,관계자보세요,아니데체왜 가까운거리는 안잡히고 먼거리만잡고 아무리 돈을벌겠다고 하는거지만 이러면 안되시는거잖아요 제가 뭐 코앞에 거리를 택시로 잡는것도아니고 퇴근하고 1시간내내 기다리니며 택시잡아도 안잡히는게 말이됩니까? 제가 택시를 잡는곳이 외진곳도 아니고 지나가는 택시만 몇십대 본것같은데 이래도 되는겁니끼,ios
,카카오 T,ㅉㅇ갇아왓다,2021-11-10T05:33:27-07:00,4,0,비 오는 날,비 오는 날은 너무 안 잡히네요.. 지금 30분 째 잡고 있는데 안 잡혀요 개선을 좀 해주셨으면 하네요  평소에는 잘 이용합니다 수고하세요,ios
,카카오 T,랄라랄랗,2021-11-10T00:47:32-07:00,1,0,옛날에는 자동결제 안되게 할 수 있었는데,"옛날에는 자동결제 안되게 할 수 있었는데 이제 자동결제로만 결제해야하네요, 회사 출장 중빙을 해야하는데 진짜 그럴때 쓸 수가 없어요. 대기업이 다 해쳐먹는다는거 약간 공감 못했는데 갑자기 공감되네요..",ios
,카카오 T,kim jaewon,2021-11-10T00:12:16-07:00,1,0,택시기사들 비오면 운전안함,비오면 절대 안잡힘,ios
,카카오 T,키쓰토끼,2021-11-09T07:47:31-07:00,5,0,한시간째 택시가 안잡히는데 이거 앱 되는거 맞아요??,이 앱 대체 뭐죠? 되는 앱 맞아요? 한시간째 택시가 안잡히는데요 ?,ios
,카카오 T,카카오 택시 호출 안하려고요,2021-11-09T02:06:27-07:00,1,0,택시 기다리다 추워 죽겠다,택시를 일주일에 4번이상 호출하는데 요즘 갑자기 호출이 안돼요 지나가는 택시가 없으면 모를까 빈차는 지나가는데 호출은 안잡히고 카카오 택시 잡으려고해도 보고 그냥 지나가요 호출하고 30분이 넘어도 잡히지 않아요 처음에는 블루로만 불러야 잡히더니 이제는 잡히지도 않아요  택시를 타는 이유는 빨리가거나 버스가 안올때 빠르고 편하게 가는건데 30분 넘게 호출하는데 안잡히면 택시 호출 왜 합니까?,ios
,카카오 T,asffiisnnb,2021-11-09T00:00:39-07:00,1,0,카드 등록 가능하게 해주세요,휴대폰 두 대 사용중인데 한대만 카드 등록 가능합니다 두 대 모두 사용 가능하게 해주세요,ios
,카카오 T,미ㅣㅇ이 ㅁ,2021-11-08T15:42:25-07:00,1,0,아니 그냥 택시가 안잡혀요,골목에서 부르든 큰길을 나가든 안와요 최근 몇달동안 성공한적이 거의 없네요 잡혀도 취소하고; 멀리 가는거도 아니고 20분정도 거리도 안잡히는데 그냥 편의 따라서 거절하라고 만든 어플인가 싶어요,ios
,카카오 T,Ehlfq,2021-11-08T05:29:53-07:00,1,0,먼거리만 갈려함,택시기사들이 다 거부,ios
,카카오 T,카택 쓰지말자,2021-11-08T01:48:05-07:00,5,0,이거 왜 만들었냐,지들끼리 입맛대로 쳐받고 짧은건 잡질 않으면 어쩌란거냐 생각좀해라 도착지를 가리든가 내가 왜 이거때메 몇시간을 기다리면서 택시를 기다리냐? 잘좀 만들어라 아니면 기사들이랑 편의를 만들던가 엿같아서 지운다 꺼져라,ios
,카카오 T,하리룽,2021-11-07T22:08:13-07:00,1,0,바로 다른 어플 깜,요즘 배차도 안되고 배차되면 무슨 10분 거리에 있는 택시 잡히네 너무 불편ㅋㅋ 처음에 편해서 쓴거였는데 갈아탑니다,ios
,카카오 T,자꾸돈필요한게짜증남,2021-11-07T22:04:56-07:00,1,0,지도,길알려주는거 일부러 막히는곳 알려주는건가여? 카택만잡으면 지도가 돌아가는길로 알려주던데 일부러 엿맥이는건가여?????????;;;;;;;;;;;;;;;;;;;;,ios
,카카오 T,에이스나사와,2021-11-07T15:42:05-07:00,1,0,21세기 속물근성 같은 어플,유일하게 화나게 해서 지우는 어플. 이 어플 생기고 사용도 불편하고 정작 뭔 지랄을 해도 필요할 때 택시 등은 안잡힘. 이 어플은 버립니다,ios
,카카오 T,ㅇ6ㅎ7ㅓ8,2021-11-07T14:31:27-07:00,1,0,네비,네비 개선좀 해주세요 빠른길로알랴줘야지 짧은길로 알려줘서 늦잖아요 삭제할꺼에요,ios
,카카오 T,리리.,2021-11-06T19:53:27-07:00,5,0,안볼까봐 5점,"1 . 추천경로 업데이트 좋은데 왜 제일 우회해서 가는길이 배차 요금 측정 1번으로 뜨나요? 전 남들과 같은 시간에 퇴근 하는데요 . 그시간 그도로 제일 잘아는 퇴근길입니다 . 제일 멀고 막히는 길로 하는이유 ? 뭐에요 ? 2. 배차 업데이트 되고나서 근처에 빠르게 이용되는 블루 차량 있다며 자꾸 안내가 뜨고 기본 7-8분 정도 , 거리택시 부터 배차 찾더군요 . 길에나오면 택시가 많은데 , 사무실 안에서 또는 집안에서 다 먼져 택시 잡고 나오려고 이어플 이용하시지 않나요? ㅋㅋ .. 근데 길에서 잡아 탈거면 어플의 필요성이 낮아지는거죠 . 급해서 정말 급하면 블루 기억해서 쓰겠죠 . 근데 그전에 아 카택 어플은 비싼 배차를 하기위해 가까운 택시는 잡아주지 않는구나 신용도 부터 떨어질거 같아요 ㅋㅋ (진짜 읽으셧으면 하는 말) 저는 2km만 벗어 나면 서울에서 경기 지역이 바껴 시계 할증 이 붙고 그 거리를 왔다 갔다 출퇴근합니다. 직업상 피로도가 높아 , 운전은 자신이 없어 택시 이용이 잦아요. 지역 택시 어플 사용하기도 애매해 , 늘 잘 이용하던 어플이였는데 진짜 실망이 큽니다 . 이때동안 잘 이용해와서 믿고 늘나가던 시간에 배차가 안되고 , 우회하는 길로 가고, 시간적인 오점이 계속 생긴게 우연이 아니더라구요 . 카카오니깐 이어플 하나 없다고 타격은 없겠지만 . 진짜 눈에 안보이게라도 상업적이 셔야죠.. 개선하시면 좋겠지만 이제 무서워서 이용은 못하겠네요..",ios
,카카오 T,whenehehehwuwiwh,2021-11-05T23:18:08-07:00,1,0,근본 어디 안가는구나,언젠가 한번 공론화 되길 바란다. 추가요금 내야하는 카카오블루 또는 카카오달고 있는 택시 아니면 배차 순위 맨뒤로 미뤄서 차질을 생기게함^^ 평상시에 매일 같은 루트를 이용하는데 어떤날은 배차가 드럽게 안잡혀서 주위에 택시가 없나?? 해서 택시정류장 갔더니 택시 줄서있음^^ 택시 아저씨한테 물어보니 콜 뜬게 없었다고함  그래서 택시정류장 바로 앞에서 실험해봤는데 앞에 택시 안잡히고 10분이나 떨어져있는 택시 콜이 먼저 잡히대?? 역시나 해서 봤더니 카카오 달고있는 택시ㅋㅋㅋㅋ 지금 이런 댓글 하나는 너들한테 흠집도 안나겠지만 언젠간 크게 터지는날에 이런 흠집들이 모여서 크게 다치는 날이 올거야^^,ios
,카카오 T,ㅂㄷㄴㄹㅈㅌㅇㅌㄷㄲㅇㅇ,2021-11-05T21:44:02-07:00,1,0,수수료 부과,택시가 안와서 취소하려고 하면 왜 수수료 내야하는지....,ios
,카카오 T,효지효지효,2021-11-05T20:33:13-07:00,3,0,카카오 택시 호출취소,택시를 잡았는데 경로 실수로 기사님이 십분 거리로 멀어지셨어요 그래서 전화 오셨길래 호출 취소 할라니까 2000원 내야 할 수 있다더라고요  기사님께선 호출취소 아예 안된다고 하시공;;;  취소 수수료 이해 가는데 이런 상황이 흔하게 발생할 수 있는 상황이잖아요  제가 이천원 내고 취소하기 아님 걍 기사님 돌아오실 때 까지 기다리기 말곤 방법이 없나요;;;?? 개선이 필요 할 것 같아서 리뷰 남깁니다,ios
,카카오 T,엉쿠쿠,2021-11-05T20:28:30-07:00,1,0,하.. 택시 진짜 안잡혀요,버스놓치구 택시탈려고 하면 겁나 안잡혀요  출근시간도 아님 낮 12시에 택시잡으려고 하면 택시가 없대요 3번 빠구 당하고 그제서야 한번 잡히고 그러네요 ;;,ios
,카카오 T,qazwsxedwaxwsx,2021-11-05T18:47:21-07:00,1,0,에어팟 낀 분들 귀 조심하세요,폰 소리 최저로 맞춰놓은 상태입니다 농담 아니고 알림소리때문에 정말 고막 찢어질뻔했어요    아예 앱 설정 들어가서  카택 알림을 꺼버렸습니다  카택 앱 내에 설정하는 곳이 있어야 정상 아닌가요 이 미친새끼들아,ios
,카카오 T,스파이시오렌지,2021-11-05T15:42:30-07:00,5,0,제발 애플워치 지원 해주세요,택시만이라도... 제발요ㅠㅠ,ios
,카카오 T,topdori,2021-11-05T11:47:03-07:00,1,0,??,택시 서비스 문화를 개판으로 만들어놓고 서비스 비용만 올려놓음. 서비스를 하려면 제대로 하던지 길에서 택시 잡건 것 보다 더 불편하게 만들어놓는 마법을 부리고 돈을 받으면 사회를 독점 쓰레기 문화로 만드는 거잖아요,ios
,카카오 T,고갱님222,2021-11-05T09:26:22-07:00,1,0,플랫폼은 개나 줘라,현재 새벽 한시 예전엔 삽십분 존버 하면 탔었는데 느그들때문에 택시 더 잡기 어려워졌다. 돈 더줘도 안잡혀 지나가는 택시 다 예약이야 집에 어케감??,ios
,카카오 T,찌증찌증찌,2021-11-05T07:51:54-07:00,5,0,반려동물 동반 여부 체크,카카오택시 정말 유용하게 잘 사용하고 있는데요 반려동물 요즘 키우는 사람이 많은 만큼 반려동물 동반 여부를 체크하는게 있으면 좋겠어요 물론 대부분의 택시 기사님들은 이동용 가방에 넣거나 안고 타면 이해해주시지만 5분도 안되는 거리 가는데도 불쾌감을 나타내는  경우도 있더라구요 그럼 괜히 저도 기분 나쁘고 욱하고 짜증도 나구요 어차피 장거리는 강아지를 데리고 택시 타는 일이 거의 없겠지만 병원 가거나 하는 경우에는 단시간동안 타는 일이 종종 있는데 미리 반려동물동반 가능 등응 체크하거나 적을 수 있는 메모란 등을 개발해주셨음 좋겠습니당,ios
,카카오 T,차리바ㅏㅇ,2021-11-05T07:41:43-07:00,1,0,개쓰레기,본인들이 가고 싶은곳만잡고 아니면 안잡힘,ios
,카카오 T,댕댕동반승객,2021-11-05T06:09:39-07:00,5,0,강아지동행탑승체크 만들어주세요,"이동장에 넣고 탔음에도 불구하고 알러지나 예민하신 기사님들이 있어요,,서로 미리알수있도록 체크해주면 기사님들도 반려동물 동반해서 타는 승객분들도 편할것같아요ㅠㅠ",ios
,카카오 T,2geeㅎ,2021-11-05T00:56:56-07:00,2,0,카카오바이크,예전부터 애용해왔습니다 날씨 좋은날은 출퇴근도 같이 했구요 예전엔 대여화면(?)에서 서비스제한구역이 표시되어서 도착지가 반납 가능한지 아닌지 바로 확인할수 있었는데 업데이트가 되면서 몇번을 더 터치해야 확인이 가능하네요 이부분 개선되었으면 좋겠습니다,ios
,카카오 T,개선 좀 제발.,2021-11-04T16:22:58-07:00,1,0,카카오택시는 왜 안 잡힙니까?,ut는 잡히는데 카카오택시는 절대 안 잡히네요. 이럴거면 택시 호출 기능을 왜 만드셨나요? 기사님들한테 언질을 주시던지 개선 좀 하세요.,ios
,카카오 T,버닝오크,2021-11-04T10:21:41-07:00,1,0,현금결제 유도,"법인카드 이용하고 싶은데, 왜 안되게 해놨나요. 최악입니다.",ios
,카카오 T,fdhdgiijgdsegh,2021-11-04T09:16:57-07:00,1,0,승객 골라타기 너무 하네요,서울한복판에서 목적지가 근거리도 아닌데 2시간 3시간 기다려도 택시 배차가 안되는건 시스템에 문제가 많다는 거에요. 결국 다른 어플이 카카오를 대체하게 될거에요,ios
,카카오 T,haiibdospaojs,2021-11-04T06:17:36-07:00,2,0,요즘 너무 관리 안되는 거 아닌가요,"앱도 여러번 껐다켜야 작동이 되고, 나이가 많은 기사님분들 중에 대화도 잘 안되고 전화통화 연결조차 안되는데 내비는 위치인식도 제대로 안돼서 서로 찾는 데 한참 걸리는 경험을 연달아 하고 있어요.. 이제 서비스 이용 안하고 싶어져요. 개선 부탁드립니다",ios
,카카오 T,인천01번,2021-11-04T02:40:10-07:00,1,0,카카오좆븅신양아치새끼들아고쳐라,븅신들돈에눈멀어서일반호출이면택시도못잡게해주네바로앞에빈차블루택시들은 돌아다니는데 이십새끼들아대가리적당히커지고자숙해라,ios
,카카오 T,커나라ㅑ난,2021-11-03T16:53:48-07:00,3,0,승차거부,이용하는 사람들은 정말 급해서 사용하는건데 가까운거리나 가기 싫은 곳이면 아예 안 받아 버리더라고요 안잡혀서 겨우 겨우 길거리에서 잡았더니 목적지 듣자마자 승질내면서 일부러 거기 콜 안잡고 거절 눌렀는데 또 가네 이러더라구요ㅋㅋ큐ㅠ,ios
,카카오 T,목포 카텍 야발,2021-11-03T16:43:03-07:00,1,0,야발,등굣길에 택시도 쳐 안 잡히는데 어떻게 운영 하는건지,ios
,카카오 T,랑도리,2021-11-03T16:32:12-07:00,1,0,택시기사 수준들이 너무 보임 ㅋㅋㅋㅋ,"1. 먼곳 가기 시러시루,,,! 급한일이 있어서 안산에서 인천가는 택시를 잡는데 1도 콜 받아주지도 않더라고요? 우리나라 택시들 다 소멸한줄 알았네요 ㅋㅋㅋㅋ 2. 가까운데도 가기 시루시루! 몸이 아파서 급하게 병원가려는데 가까워서 안잡더라고요? 뭐어쩌라는건지 본인들 부모나 자식들이 이런상황에 닥치면 어쩔껀지 ㅋㅋㅋ  돈안되도 안해 돈되지만 멀어서 안해 심지어 파주에서 안산오는데 돌아오는 톨게이트비 안주면 안간다는 사람도 봤습니다ㅋㅋㅋㅋㅋ 급해서 타고 갔지만 코로나 시국에 다들 힘든데 우기면서 까지 가야했는지 ㅋㅋㅋ",ios
,카카오 T,경로 설정,2021-11-03T15:35:07-07:00,4,0,경로,정말 다 좋은데 경로를 직접 설정할 수 있으면 더 좋을 것 같아요 물론 말로 기사님께 전달하면 되지만 택시 안에서 공부하다보면 가끔 길을 놓쳐서 넘 오래 걸릴때가 있거든요.. 개선 해주시면 감사하겠습니다,ios
,카카오 T,sheenyoo,2021-11-03T13:08:34-07:00,1,0,승차거부,주변에 빈차가 있음에도 불구하고 일반택시 호출이 전혀 이루어지지않는걸로 보아 기사님들이 암묵적으로 목적지 보고 승차거부하는 것 같습니다. 그래서 이전엔 카카오택시를 자주 애용했었지만 요새는 목적지 차별 없는 타다를 더 자주 사용하게 되더라고요. 그리고 호출한 택시를 타고 이어서 조금 더 원하는 목적지까지 가길 원했더니 승차거부를 당했습니다. 강제로 내려야만했어요. 최근 이런 점들을 이슈로 삼아 기사로도 많이 등장하는데 왜 아직도 해결방안을 제시하고 있지 않은지 모르겠네요.,ios
,카카오 T,오늘 탔는데여,2021-11-03T03:28:35-07:00,3,0,좀 바뀌었으면 하는게요,예상금액 측정방법을 바꾸던가 해야할거 같아요 무슨 예상금액보다 8000원이 더 나오나요 매번 2-3000원은 이해하겠는데 8천원은 너무한거 아닌가요,ios
,카카오 T,왜다별명이있는거지,2021-11-02T21:41:36-07:00,1,0,퀵기사도 안오면서 퀵취소하면 돈받는 어플,퀵 기사 전화고 안받고 퀵 취소하면 삥뜯는 어플   회원 탈퇴 하려는데 왜 카톡에서 정보 지우기 하면 되지도 않는지 ㅋㅋ,ios
,카카오 T,🆖🆖🆖🆖,2021-11-02T19:39:58-07:00,2,0,왜 안 되나요,안 되네여ㅠㅠㅠㅠㅠㅠㅠㅠㅠㅠ오류래여,ios
,카카오 T,엘로이즈,2021-11-02T15:09:19-07:00,1,0,아 진짜 기사들한테 돈 받고나서부터 콜 드럽게 안됨,내가 왜 아침 7시에 빈택시들 1-2분이면 올 거리 저 쪽에 많이 보이는데 7분이나 걸려서 오는 택시가 콜을 받는건데?,ios
,카카오 T,야재디하니재,2021-11-01T23:21:56-07:00,3,0,갑자기 앱 먹통 됨,몇번 지우고 다시 깔았는데도 어플 들어가면 아무것도 안눌러짐... 왜이런거죠..,ios
,카카오 T,아앙으루ㅏ아ㅏ,2021-11-01T17:44:07-07:00,1,0,택시 배정,이거 맨날 일반 부르면 배정도 안되고 맨날 블루나 블랙 모범같은거로 부르라고 함 아니 이럴거면 일반 왜만든거임?,ios
,카카오 T,나니?!!,2021-11-01T16:54:46-07:00,1,0,1시간 30분 기달려도 콜이안잡힘,서울  한복판에서 콜이 안잡힘  ㅋㅋㅋ 대단하다 진짜,ios
,카카오 T,c88887777,2021-11-01T07:50:09-07:00,1,0,다른 택시도  겁나  안잡히게,하.....,ios
,카카오 T,지윤승,2021-11-01T00:25:06-07:00,5,0,다 좋아요 다 좋은데,바로배차되는 블루 택시가 있다고 뜨는거 너무불편해요 막상 누르면 바로 잡히지도 않을 뿐더러 시간도 걸려서 바쁠때 불편했어요,ios
,카카오 T,안녕하35,2021-10-31T18:37:21-07:00,1,0,자동결제창 맨 앞에 두지마라 진짜 개빡친다,"만나서 카드결제 하려면 매번 결제방법선택창 슬라이드해서 맨 끝까지 넘겨야되는데 실수로 못하고 잡아버리면 바로 취소 버튼 눌러도 택시 잡히면 다시 취소도 못하고 진짜 빡친다. 차라리 자주쓰는 결제방법 설정하기를 만들어서 자동결제를 자주쓰는 사람은 자동결제를, 만나서 카드결제를 자주쓰는 사람은 만나서 카드결제를 빠르고 간편하게 사용할 수 있게끔 설정할 수 있게 해줘라. 진짜 앱 리뷰같은거 안쓰는데 매번 이거땜에 너무 짜증난다 ;;",ios
,카카오 T,장오진,2021-10-31T16:15:54-07:00,1,0,.,급한데 ㅈㄹ이고 진짜 앱 처 멈춰서 지나가는 택시 잡았네 하 ;,ios
,카카오 T,zzining_,2021-10-31T15:40:02-07:00,4,0,어플들어가면 아무것도 안눌러져요ㅠㅠ,출근때나 진짜 간편하게 이용하고 있었는데 어플만 들어가면 갑자기 아무것도 안눌러져요ㅠㅜㅠㅜ 저만 그런가요??????  지우고 다시 깔아봤는데도 계속 그러네요ㅠㅜㅠㅜ,ios
,카카오 T,카카오버려,2021-10-31T04:58:59-07:00,1,0,맨날 개멀리 잡혀,기본 10분은 기다려야되는 콜 택시 뭐예요,ios
,카카오 T,도리를 찾아서,2021-10-30T20:25:59-07:00,3,0,네비 개선 시급!!,다른 서비스들은 대체로 만족하는데 네비가 너무 별로예요.. 골목 뒤나 옆 골목으로 안내할 때도 많아서 정확한 출발지를 알려드리기 위해 항상 기사님과 통화를 해야 합니다. 너무 번거롭고 불편해요,ios
,카카오 T,beast4361,2021-10-30T19:44:01-07:00,4,0,아 진짜 거지같아요 ㅋㅋ,걸어서는 가깝지가 않고 자가용이 없어서 택시를 이용하는데 8분거리라고 기사님들이 무시하시거나 잡고 바로 취소해버리시는데 취소하는 건 진짜 생각이 없는 거 아닌가요? 10분거리도 안잡으시는데 시스템을 참 ㅈ같이 만드셨네요 ㅎㅎ,ios
,카카오 T,btjdks,2021-10-30T14:51:07-07:00,1,0,결제 문제 생기다,이 애플 자주 사용하지 않지만 쓸 때마다 결제가 문제를 생겼어요. 제가 자동결제를 신청했는데 택시 부를 때 자동으로 결제했다가 바로 취소해버려서 내릴때 카드로 다시 결제하거든요. 근데 자동으로 한번 더 다시 결제했어요. 그러면 택시 한번만 타도 두번 결제 해야되나요. 넘 실망하네요,ios
,카카오 T,불서,2021-10-29T19:10:39-07:00,1,0,블루없애라 아ㅋㅋㅋㅋㅋ,블루 생긴 이후로 부터 일반 호출 택시가 안잡힘 ㅋㅋ 블루로 하니까 바로 잡히네?   다른날  일반호출 안잡혀서 길거리나가서 택시잡는데 카카오 택시인데? 이거 배짱 영업이잖아 그냥 일반 호출 돈 안돼니까  안잡고 블루 돈 좀 되니까 블루만 잡고 일반은 일부러 안잡고 ㅋㅋㅋㅋㅋ 블루만 없애면 해결됨 빨리 없애,ios
,카카오 T,뚁땽해요;-;,2021-10-27T17:21:49-07:00,1,0,블루는 더이상 편리한 서비스가 아닙니다,눈앞에 지나다니는 빈차는 많은데 일반 호출로 부르면 택시는 잡히지도 않고 블루로 호출하면 바로 잡히는 게 정말 아이러니합니다 한두 번도 아니고 일반 호출은 장식인가요?  급한 대로 블루 불렀는데 아직 승객이 내리지도 않은 택시가 배차되고 급해서 수수료 내고 블루 부르는 거 아닌가요? 다른 사람 내리는 것까지 기다렸다가 타야 하는 건지 모르겠어요  택시가 하도 안 와서 지나가는 빈차 잡으려고 취소하려니까 배차 완료 후 1분이 지났으니 수수료 2000원을 내라고 하네요 버스 타면 늦을까봐 택시 부른 건데 택시 기다리면서 버스를 두 대나 보냈습니다  바쁘고 급한 사람들을 위한 편리한 서비스였는데 지금도 제 기능을 하고 있는지 모르겠네요 ㅎ,ios
,카카오 T,아오오니팬게임,2021-10-27T15:51:28-07:00,1,0,급한데 잡히는걸 본적이없음,거지같네 진짜,ios
,카카오 T,두루뭉실이,2021-10-27T04:49:40-07:00,1,0,진짜 카택 다시는안씀,택시도 제대로 안오고 택시못타서 취소할려하는데 취소수수료 든다고하고 운행중인 택시기사를 잡아주질않나 진짜 카카오 일 개 좆같이 하네요,ios
,카카오 T,비타빈빈빈,2021-10-27T04:18:37-07:00,1,0,먹통이에요,다시 지웠다가 깔아도 먹통이고  어쩌라는거에요,ios
,카카오 T,로긔가,2021-10-27T01:59:55-07:00,1,0,오만하고 권위적인 서비스 정책,"서비스지역 이탈 과금 20,000원? 그 와중에 응대 서비스는 전화가 아닌 문자로? 기본에 기본도 안되있고 철저히 소비자를 돈벌이 수단으로만 생각하는 당신들 정책에 정말 치가 떨리네요. 언젠가 당신들의 그 오만하고 권위적인 정책들이 독이되어 돌아오길 진심으로 기원합니다.",ios
,카카오 T,갓셈,2021-10-26T17:04:14-07:00,3,0,카카오 블루좀 늘려주세요.,블루를 늘리던 강제로 배차가능하게 하던 해주시면 안되나요. 급하게 나가야되는데 차 배정받는데 30분이나 걸려야 하는거면 다 거잘해서 그러시는거 같네요. 그 많은 택시들 다 어디가고 배차 안해주시면 어쩌라는건지..ㅠㅠ,ios
,카카오 T,치양,2021-10-26T10:16:20-07:00,1,1,짜증나는 카카오택시,매번 지도 이상한데오 알려줘서  용금 바가지 쓰게 만듬 아무리 차가 밀려도 나오는 금액이 있는데  미친듯이 돌아가게 만들어서  돈은 2/1은 더 나오고  집은 늦게 가고  차라도 안밀렷음 말을 안해  차도 밀리도 일부러 그런건 어이가 없음 어디 말할데도 없고 건의할데도 안 만들어 놓음 돈만 받아 먹고 상담센터도 제대로 안만들어 놓고 기사들만  별점 주고 자기넨는 왜 별점 안먹나 규제 왕창 당해라 니네 본분이나 잘해라  기사님들 등쳐 먹지 말고,ios
,카카오 T,거지같은광고,2021-10-26T06:39:45-07:00,1,0,네비좀,왜 뻔히 빨리 가는 길이 있는데도 처 돌아가게 나오죠,ios
