APP_ID,APP_NAME,USER,DATE,STAR,LIKE,TITLE,REVIEW
1520354659,오딘:발할라 라이징,사람,2022-02-11T00:00:00.000Z,1,3,ㄹㅇ,운빨좆망겜;
1520354659,오딘:발할라 라이징,사람,2022-02-11T00:00:00.000Z,1,3,ㄹㅇ,운빨좆망겜;
1520354659,오딘:발할라 라이징,사람,2022-02-11T00:00:00.000Z,1,3,ㄹㅇ,운빨좆망겜;
1520354659,오딘:발할라 라이징,사람,2022-02-11T00:00:00.000Z,1,3,ㄹㅇ,운빨좆망겜;
1520354659,오딘:발할라 라이징,사람,2022-02-11T00:00:00.000Z,1,3,ㄹㅇ,운빨좆망겜;
1520354659,오딘:발할라 라이징,사람,2022-02-11T00:00:00.000Z,1,3,ㄹㅇ,운빨좆망겜;
1520354659,오딘:발할라 라이징,사람,2022-02-11T00:00:00.000Z,1,3,ㄹㅇ,운빨좆망겜;
1520354659,오딘:발할라 라이징,사람,2022-02-11T00:00:00.000Z,1,3,ㄹㅇ,운빨좆망겜;
1520354659,오딘:발할라 라이징,사람,2022-02-11T00:00:00.000Z,1,3,ㄹㅇ,운빨좆망겜;
1520354659,오딘:발할라 라이징,사람,2022-02-11T00:00:00.000Z,1,3,ㄹㅇ,운빨좆망겜;
1520354659,오딘:발할라 라이징,사람,2022-02-11T00:00:00.000Z,1,3,ㄹㅇ,운빨좆망겜;
1520354659,오딘:발할라 라이징,사람,2022-02-11T00:00:00.000Z,1,3,ㄹㅇ,운빨좆망겜;
1520354659,오딘:발할라 라이징,사람,2022-02-11T00:00:00.000Z,1,3,ㄹㅇ,운빨좆망겜;
1520354659,오딘:발할라 라이징,사람,2022-02-11T00:00:00.000Z,1,3,ㄹㅇ,운빨좆망겜;
1520354659,오딘:발할라 라이징,사람,2022-02-11T00:00:00.000Z,1,3,ㄹㅇ,운빨좆망겜;
1520354659,오딘:발할라 라이징,사람,2022-02-11T00:00:00.000Z,1,3,ㄹㅇ,운빨좆망겜;
1520354659,오딘:발할라 라이징,사람,2022-02-11T00:00:00.000Z,1,3,ㄹㅇ,운빨좆망겜;
1520354659,오딘:발할라 라이징,사람,2022-02-11T00:00:00.000Z,1,3,ㄹㅇ,운빨좆망겜;
1520354659,오딘:발할라 라이징,사람,2022-02-11T00:00:00.000Z,1,3,ㄹㅇ,운빨좆망겜;
1520354659,오딘:발할라 라이징,사람,2022-02-11T00:00:00.000Z,1,3,ㄹㅇ,운빨좆망겜;
1520354659,오딘:발할라 라이징,사람,2022-02-11T00:00:00.000Z,1,3,ㄹㅇ,운빨좆망겜;
1520354659,오딘:발할라 라이징,사람,2022-02-11T00:00:00.000Z,1,3,ㄹㅇ,운빨좆망겜;
1520354659,오딘:발할라 라이징,사람,2022-02-11T00:00:00.000Z,1,3,ㄹㅇ,운빨좆망겜;
1520354659,오딘:발할라 라이징,사람,2022-02-11T00:00:00.000Z,1,3,ㄹㅇ,운빨좆망겜;
1520354659,오딘:발할라 라이징,사람,2022-02-11T00:00:00.000Z,1,3,ㄹㅇ,운빨좆망겜;
1520354659,오딘:발할라 라이징,사람,2022-02-11T00:00:00.000Z,1,3,ㄹㅇ,운빨좆망겜;
1520354659,오딘:발할라 라이징,사람,2022-02-11T00:00:00.000Z,1,3,ㄹㅇ,운빨좆망겜;
1520354659,오딘:발할라 라이징,사람,2022-02-11T00:00:00.000Z,1,3,ㄹㅇ,운빨좆망겜;
1520354659,오딘:발할라 라이징,사람,2022-02-11T00:00:00.000Z,1,3,ㄹㅇ,운빨좆망겜;
1520354659,오딘:발할라 라이징,사람,2022-02-11T00:00:00.000Z,1,3,ㄹㅇ,운빨좆망겜;
1520354659,오딘:발할라 라이징,사람,2022-02-11T00:00:00.000Z,1,3,ㄹㅇ,운빨좆망겜;
1520354659,오딘:발할라 라이징,사람,2022-02-11T00:00:00.000Z,1,3,ㄹㅇ,운빨좆망겜;
1520354659,오딘:발할라 라이징,사람,2022-02-11T00:00:00.000Z,1,3,ㄹㅇ,운빨좆망겜;
1520354659,오딘:발할라 라이징,사람,2022-02-11T00:00:00.000Z,1,3,ㄹㅇ,운빨좆망겜;
1520354659,오딘:발할라 라이징,사람,2022-02-11T00:00:00.000Z,1,3,ㄹㅇ,운빨좆망겜;
1520354659,오딘:발할라 라이징,사람,2022-02-11T00:00:00.000Z,1,3,ㄹㅇ,운빨좆망겜;
1520354659,오딘:발할라 라이징,사람,2022-02-11T00:00:00.000Z,1,3,ㄹㅇ,운빨좆망겜;
1520354659,오딘:발할라 라이징,사람,2022-02-11T00:00:00.000Z,1,3,ㄹㅇ,운빨좆망겜;
1520354659,오딘:발할라 라이징,사람,2022-02-11T00:00:00.000Z,1,3,ㄹㅇ,운빨좆망겜;
1520354659,오딘:발할라 라이징,사람,2022-02-11T00:00:00.000Z,1,3,ㄹㅇ,운빨좆망겜;
1520354659,오딘:발할라 라이징,사람,2022-02-11T00:00:00.000Z,1,3,ㄹㅇ,운빨좆망겜;
1520354659,오딘:발할라 라이징,사람,2022-02-11T00:00:00.000Z,1,3,ㄹㅇ,운빨좆망겜;
1520354659,오딘:발할라 라이징,사람,2022-02-11T00:00:00.000Z,1,3,ㄹㅇ,운빨좆망겜;
1520354659,오딘:발할라 라이징,사람,2022-02-11T00:00:00.000Z,1,3,ㄹㅇ,운빨좆망겜;
1520354659,오딘:발할라 라이징,사람,2022-02-11T00:00:00.000Z,1,3,ㄹㅇ,운빨좆망겜;
1520354659,오딘:발할라 라이징,사람,2022-02-11T00:00:00.000Z,1,3,ㄹㅇ,운빨좆망겜;
1520354659,오딘:발할라 라이징,사람,2022-02-11T00:00:00.000Z,1,3,ㄹㅇ,운빨좆망겜;
1520354659,오딘:발할라 라이징,사람,2022-02-11T00:00:00.000Z,1,3,ㄹㅇ,운빨좆망겜;
1520354659,오딘:발할라 라이징,사람,2022-02-11T00:00:00.000Z,1,3,ㄹㅇ,운빨좆망겜;
1520354659,오딘:발할라 라이징,사람,2022-02-11T00:00:00.000Z,1,3,ㄹㅇ,운빨좆망겜;
1520354659,오딘:발할라 라이징,사람,2022-02-11T00:00:00.000Z,1,3,ㄹㅇ,운빨좆망겜;
1520354659,오딘:발할라 라이징,사람,2022-02-11T00:00:00.000Z,1,3,ㄹㅇ,운빨좆망겜;
1520354659,오딘:발할라 라이징,사람,2022-02-11T00:00:00.000Z,1,3,ㄹㅇ,운빨좆망겜;
1520354659,오딘:발할라 라이징,사람,2022-02-11T00:00:00.000Z,1,3,ㄹㅇ,운빨좆망겜;
1520354659,오딘:발할라 라이징,사람,2022-02-11T00:00:00.000Z,1,3,ㄹㅇ,운빨좆망겜;
1520354659,오딘:발할라 라이징,사람,2022-02-11T00:00:00.000Z,1,3,ㄹㅇ,운빨좆망겜;
1520354659,오딘:발할라 라이징,사람,2022-02-11T00:00:00.000Z,1,3,ㄹㅇ,운빨좆망겜;
1520354659,오딘:발할라 라이징,사람,2022-02-11T00:00:00.000Z,1,3,ㄹㅇ,운빨좆망겜;
1520354659,오딘:발할라 라이징,사람,2022-02-11T00:00:00.000Z,1,3,ㄹㅇ,운빨좆망겜;
1520354659,오딘:발할라 라이징,사람,2022-02-11T00:00:00.000Z,1,3,ㄹㅇ,운빨좆망겜;
1520354659,오딘:발할라 라이징,사람,2022-02-11T00:00:00.000Z,1,3,ㄹㅇ,운빨좆망겜;
1520354659,오딘:발할라 라이징,사람,2022-02-11T00:00:00.000Z,1,3,ㄹㅇ,운빨좆망겜;
1520354659,오딘:발할라 라이징,사람,2022-02-11T00:00:00.000Z,1,3,ㄹㅇ,운빨좆망겜;
1520354659,오딘:발할라 라이징,사람,2022-02-11T00:00:00.000Z,1,3,ㄹㅇ,운빨좆망겜;
1520354659,오딘:발할라 라이징,사람,2022-02-11T00:00:00.000Z,1,3,ㄹㅇ,운빨좆망겜;
1520354659,오딘:발할라 라이징,사람,2022-02-11T00:00:00.000Z,1,3,ㄹㅇ,운빨좆망겜;
1520354659,오딘:발할라 라이징,사람,2022-02-11T00:00:00.000Z,1,3,ㄹㅇ,운빨좆망겜;
1520354659,오딘:발할라 라이징,사람,2022-02-11T00:00:00.000Z,1,3,ㄹㅇ,운빨좆망겜;
1520354659,오딘:발할라 라이징,사람,2022-02-11T00:00:00.000Z,1,3,ㄹㅇ,운빨좆망겜;
1520354659,오딘:발할라 라이징,사람,2022-02-11T00:00:00.000Z,1,3,ㄹㅇ,운빨좆망겜;
1520354659,오딘:발할라 라이징,사람,2022-02-11T00:00:00.000Z,1,3,ㄹㅇ,운빨좆망겜;
1520354659,오딘:발할라 라이징,사람,2022-02-11T00:00:00.000Z,1,3,ㄹㅇ,운빨좆망겜;
1520354659,오딘:발할라 라이징,사람,2022-02-11T00:00:00.000Z,1,3,ㄹㅇ,운빨좆망겜;
1520354659,오딘:발할라 라이징,사람,2022-02-11T00:00:00.000Z,1,3,ㄹㅇ,운빨좆망겜;
1520354659,오딘:발할라 라이징,사람,2022-02-11T00:00:00.000Z,1,3,ㄹㅇ,운빨좆망겜;
1520354659,오딘:발할라 라이징,사람,2022-02-11T00:00:00.000Z,1,3,ㄹㅇ,운빨좆망겜;
1520354659,오딘:발할라 라이징,사람,2022-02-11T00:00:00.000Z,1,3,ㄹㅇ,운빨좆망겜;
1520354659,오딘:발할라 라이징,사람,2022-02-11T00:00:00.000Z,1,3,ㄹㅇ,운빨좆망겜;
1520354659,오딘:발할라 라이징,사람,2022-02-11T00:00:00.000Z,1,3,ㄹㅇ,운빨좆망겜;
1520354659,오딘:발할라 라이징,사람,2022-02-11T00:00:00.000Z,1,3,ㄹㅇ,운빨좆망겜;
1520354659,오딘:발할라 라이징,사람,2022-02-11T00:00:00.000Z,1,3,ㄹㅇ,운빨좆망겜;
1520354659,오딘:발할라 라이징,사람,2022-02-11T00:00:00.000Z,1,3,ㄹㅇ,운빨좆망겜;
1520354659,오딘:발할라 라이징,사람,2022-02-11T00:00:00.000Z,1,3,ㄹㅇ,운빨좆망겜;
1520354659,오딘:발할라 라이징,사람,2022-02-11T00:00:00.000Z,1,3,ㄹㅇ,운빨좆망겜;
1520354659,오딘:발할라 라이징,사람,2022-02-11T00:00:00.000Z,1,3,ㄹㅇ,운빨좆망겜;
1520354659,오딘:발할라 라이징,사람,2022-02-11T00:00:00.000Z,1,3,ㄹㅇ,운빨좆망겜;
1520354659,오딘:발할라 라이징,사람,2022-02-11T00:00:00.000Z,1,3,ㄹㅇ,운빨좆망겜;
1520354659,오딘:발할라 라이징,사람,2022-02-11T00:00:00.000Z,1,3,ㄹㅇ,운빨좆망겜;
1520354659,오딘:발할라 라이징,사람,2022-02-11T00:00:00.000Z,1,3,ㄹㅇ,운빨좆망겜;
1520354659,오딘:발할라 라이징,사람,2022-02-11T00:00:00.000Z,1,3,ㄹㅇ,운빨좆망겜;
1520354659,오딘:발할라 라이징,사람,2022-02-11T00:00:00.000Z,1,3,ㄹㅇ,운빨좆망겜;
1520354659,오딘:발할라 라이징,사람,2022-02-11T00:00:00.000Z,1,3,ㄹㅇ,운빨좆망겜;
1520354659,오딘:발할라 라이징,사람,2022-02-11T00:00:00.000Z,1,3,ㄹㅇ,운빨좆망겜;
1520354659,오딘:발할라 라이징,사람,2022-02-11T00:00:00.000Z,1,3,ㄹㅇ,운빨좆망겜;
1520354659,오딘:발할라 라이징,사람,2022-02-11T00:00:00.000Z,1,3,ㄹㅇ,운빨좆망겜;
1520354659,오딘:발할라 라이징,사람,2022-02-11T00:00:00.000Z,1,3,ㄹㅇ,운빨좆망겜;
